--
-- PostgreSQL database dump
--

-- Dumped from database version 17rc1
-- Dumped by pg_dump version 17rc1

SET statement_timeout = 0;
SET lock_timeout = 0;
SET idle_in_transaction_session_timeout = 0;
SET transaction_timeout = 0;
SET client_encoding = 'UTF8';
SET standard_conforming_strings = on;
SELECT pg_catalog.set_config('search_path', '', false);
SET check_function_bodies = false;
SET xmloption = content;
SET client_min_messages = warning;
SET row_security = off;

SET default_tablespace = '';

SET default_table_access_method = heap;

--
-- Name: auth_group; Type: TABLE; Schema: public; Owner: postgres
--

CREATE TABLE public.auth_group (
    id integer NOT NULL,
    name character varying(150) NOT NULL
);


ALTER TABLE public.auth_group OWNER TO postgres;

--
-- Name: auth_group_id_seq; Type: SEQUENCE; Schema: public; Owner: postgres
--

ALTER TABLE public.auth_group ALTER COLUMN id ADD GENERATED BY DEFAULT AS IDENTITY (
    SEQUENCE NAME public.auth_group_id_seq
    START WITH 1
    INCREMENT BY 1
    NO MINVALUE
    NO MAXVALUE
    CACHE 1
);


--
-- Name: auth_group_permissions; Type: TABLE; Schema: public; Owner: postgres
--

CREATE TABLE public.auth_group_permissions (
    id bigint NOT NULL,
    group_id integer NOT NULL,
    permission_id integer NOT NULL
);


ALTER TABLE public.auth_group_permissions OWNER TO postgres;

--
-- Name: auth_group_permissions_id_seq; Type: SEQUENCE; Schema: public; Owner: postgres
--

ALTER TABLE public.auth_group_permissions ALTER COLUMN id ADD GENERATED BY DEFAULT AS IDENTITY (
    SEQUENCE NAME public.auth_group_permissions_id_seq
    START WITH 1
    INCREMENT BY 1
    NO MINVALUE
    NO MAXVALUE
    CACHE 1
);


--
-- Name: auth_permission; Type: TABLE; Schema: public; Owner: postgres
--

CREATE TABLE public.auth_permission (
    id integer NOT NULL,
    name character varying(255) NOT NULL,
    content_type_id integer NOT NULL,
    codename character varying(100) NOT NULL
);


ALTER TABLE public.auth_permission OWNER TO postgres;

--
-- Name: auth_permission_id_seq; Type: SEQUENCE; Schema: public; Owner: postgres
--

ALTER TABLE public.auth_permission ALTER COLUMN id ADD GENERATED BY DEFAULT AS IDENTITY (
    SEQUENCE NAME public.auth_permission_id_seq
    START WITH 1
    INCREMENT BY 1
    NO MINVALUE
    NO MAXVALUE
    CACHE 1
);


--
-- Name: auth_user; Type: TABLE; Schema: public; Owner: postgres
--

CREATE TABLE public.auth_user (
    id integer NOT NULL,
    password character varying(128) NOT NULL,
    last_login timestamp with time zone,
    is_superuser boolean NOT NULL,
    username character varying(150) NOT NULL,
    first_name character varying(150) NOT NULL,
    last_name character varying(150) NOT NULL,
    email character varying(254) NOT NULL,
    is_staff boolean NOT NULL,
    is_active boolean NOT NULL,
    date_joined timestamp with time zone NOT NULL
);


ALTER TABLE public.auth_user OWNER TO postgres;

--
-- Name: auth_user_groups; Type: TABLE; Schema: public; Owner: postgres
--

CREATE TABLE public.auth_user_groups (
    id bigint NOT NULL,
    user_id integer NOT NULL,
    group_id integer NOT NULL
);


ALTER TABLE public.auth_user_groups OWNER TO postgres;

--
-- Name: auth_user_groups_id_seq; Type: SEQUENCE; Schema: public; Owner: postgres
--

ALTER TABLE public.auth_user_groups ALTER COLUMN id ADD GENERATED BY DEFAULT AS IDENTITY (
    SEQUENCE NAME public.auth_user_groups_id_seq
    START WITH 1
    INCREMENT BY 1
    NO MINVALUE
    NO MAXVALUE
    CACHE 1
);


--
-- Name: auth_user_id_seq; Type: SEQUENCE; Schema: public; Owner: postgres
--

ALTER TABLE public.auth_user ALTER COLUMN id ADD GENERATED BY DEFAULT AS IDENTITY (
    SEQUENCE NAME public.auth_user_id_seq
    START WITH 1
    INCREMENT BY 1
    NO MINVALUE
    NO MAXVALUE
    CACHE 1
);


--
-- Name: auth_user_user_permissions; Type: TABLE; Schema: public; Owner: postgres
--

CREATE TABLE public.auth_user_user_permissions (
    id bigint NOT NULL,
    user_id integer NOT NULL,
    permission_id integer NOT NULL
);


ALTER TABLE public.auth_user_user_permissions OWNER TO postgres;

--
-- Name: auth_user_user_permissions_id_seq; Type: SEQUENCE; Schema: public; Owner: postgres
--

ALTER TABLE public.auth_user_user_permissions ALTER COLUMN id ADD GENERATED BY DEFAULT AS IDENTITY (
    SEQUENCE NAME public.auth_user_user_permissions_id_seq
    START WITH 1
    INCREMENT BY 1
    NO MINVALUE
    NO MAXVALUE
    CACHE 1
);


--
-- Name: django_admin_log; Type: TABLE; Schema: public; Owner: postgres
--

CREATE TABLE public.django_admin_log (
    id integer NOT NULL,
    action_time timestamp with time zone NOT NULL,
    object_id text,
    object_repr character varying(200) NOT NULL,
    action_flag smallint NOT NULL,
    change_message text NOT NULL,
    content_type_id integer,
    user_id integer NOT NULL,
    CONSTRAINT django_admin_log_action_flag_check CHECK ((action_flag >= 0))
);


ALTER TABLE public.django_admin_log OWNER TO postgres;

--
-- Name: django_admin_log_id_seq; Type: SEQUENCE; Schema: public; Owner: postgres
--

ALTER TABLE public.django_admin_log ALTER COLUMN id ADD GENERATED BY DEFAULT AS IDENTITY (
    SEQUENCE NAME public.django_admin_log_id_seq
    START WITH 1
    INCREMENT BY 1
    NO MINVALUE
    NO MAXVALUE
    CACHE 1
);


--
-- Name: django_content_type; Type: TABLE; Schema: public; Owner: postgres
--

CREATE TABLE public.django_content_type (
    id integer NOT NULL,
    app_label character varying(100) NOT NULL,
    model character varying(100) NOT NULL
);


ALTER TABLE public.django_content_type OWNER TO postgres;

--
-- Name: django_content_type_id_seq; Type: SEQUENCE; Schema: public; Owner: postgres
--

ALTER TABLE public.django_content_type ALTER COLUMN id ADD GENERATED BY DEFAULT AS IDENTITY (
    SEQUENCE NAME public.django_content_type_id_seq
    START WITH 1
    INCREMENT BY 1
    NO MINVALUE
    NO MAXVALUE
    CACHE 1
);


--
-- Name: django_flatpage; Type: TABLE; Schema: public; Owner: postgres
--

CREATE TABLE public.django_flatpage (
    id integer NOT NULL,
    url character varying(100) NOT NULL,
    title character varying(200) NOT NULL,
    content text NOT NULL,
    enable_comments boolean NOT NULL,
    template_name character varying(70) NOT NULL,
    registration_required boolean NOT NULL
);


ALTER TABLE public.django_flatpage OWNER TO postgres;

--
-- Name: django_flatpage_id_seq; Type: SEQUENCE; Schema: public; Owner: postgres
--

ALTER TABLE public.django_flatpage ALTER COLUMN id ADD GENERATED BY DEFAULT AS IDENTITY (
    SEQUENCE NAME public.django_flatpage_id_seq
    START WITH 1
    INCREMENT BY 1
    NO MINVALUE
    NO MAXVALUE
    CACHE 1
);


--
-- Name: django_flatpage_sites; Type: TABLE; Schema: public; Owner: postgres
--

CREATE TABLE public.django_flatpage_sites (
    id bigint NOT NULL,
    flatpage_id integer NOT NULL,
    site_id integer NOT NULL
);


ALTER TABLE public.django_flatpage_sites OWNER TO postgres;

--
-- Name: django_flatpage_sites_id_seq; Type: SEQUENCE; Schema: public; Owner: postgres
--

ALTER TABLE public.django_flatpage_sites ALTER COLUMN id ADD GENERATED BY DEFAULT AS IDENTITY (
    SEQUENCE NAME public.django_flatpage_sites_id_seq
    START WITH 1
    INCREMENT BY 1
    NO MINVALUE
    NO MAXVALUE
    CACHE 1
);


--
-- Name: django_migrations; Type: TABLE; Schema: public; Owner: postgres
--

CREATE TABLE public.django_migrations (
    id bigint NOT NULL,
    app character varying(255) NOT NULL,
    name character varying(255) NOT NULL,
    applied timestamp with time zone NOT NULL
);


ALTER TABLE public.django_migrations OWNER TO postgres;

--
-- Name: django_migrations_id_seq; Type: SEQUENCE; Schema: public; Owner: postgres
--

ALTER TABLE public.django_migrations ALTER COLUMN id ADD GENERATED BY DEFAULT AS IDENTITY (
    SEQUENCE NAME public.django_migrations_id_seq
    START WITH 1
    INCREMENT BY 1
    NO MINVALUE
    NO MAXVALUE
    CACHE 1
);


--
-- Name: django_session; Type: TABLE; Schema: public; Owner: postgres
--

CREATE TABLE public.django_session (
    session_key character varying(40) NOT NULL,
    session_data text NOT NULL,
    expire_date timestamp with time zone NOT NULL
);


ALTER TABLE public.django_session OWNER TO postgres;

--
-- Name: django_site; Type: TABLE; Schema: public; Owner: postgres
--

CREATE TABLE public.django_site (
    id integer NOT NULL,
    domain character varying(100) NOT NULL,
    name character varying(50) NOT NULL
);


ALTER TABLE public.django_site OWNER TO postgres;

--
-- Name: django_site_id_seq; Type: SEQUENCE; Schema: public; Owner: postgres
--

ALTER TABLE public.django_site ALTER COLUMN id ADD GENERATED BY DEFAULT AS IDENTITY (
    SEQUENCE NAME public.django_site_id_seq
    START WITH 1
    INCREMENT BY 1
    NO MINVALUE
    NO MAXVALUE
    CACHE 1
);


--
-- Name: recipes_favorite; Type: TABLE; Schema: public; Owner: postgres
--

CREATE TABLE public.recipes_favorite (
    id bigint NOT NULL,
    created_at timestamp with time zone NOT NULL,
    recipe_id bigint NOT NULL,
    user_id integer NOT NULL
);


ALTER TABLE public.recipes_favorite OWNER TO postgres;

--
-- Name: recipes_favorite_id_seq; Type: SEQUENCE; Schema: public; Owner: postgres
--

ALTER TABLE public.recipes_favorite ALTER COLUMN id ADD GENERATED BY DEFAULT AS IDENTITY (
    SEQUENCE NAME public.recipes_favorite_id_seq
    START WITH 1
    INCREMENT BY 1
    NO MINVALUE
    NO MAXVALUE
    CACHE 1
);


--
-- Name: recipes_ingredient; Type: TABLE; Schema: public; Owner: postgres
--

CREATE TABLE public.recipes_ingredient (
    id bigint NOT NULL,
    name character varying(100) NOT NULL,
    unit character varying(20) NOT NULL
);


ALTER TABLE public.recipes_ingredient OWNER TO postgres;

--
-- Name: recipes_ingredient_id_seq; Type: SEQUENCE; Schema: public; Owner: postgres
--

ALTER TABLE public.recipes_ingredient ALTER COLUMN id ADD GENERATED BY DEFAULT AS IDENTITY (
    SEQUENCE NAME public.recipes_ingredient_id_seq
    START WITH 1
    INCREMENT BY 1
    NO MINVALUE
    NO MAXVALUE
    CACHE 1
);


--
-- Name: recipes_purchase; Type: TABLE; Schema: public; Owner: postgres
--

CREATE TABLE public.recipes_purchase (
    id bigint NOT NULL,
    created_at timestamp with time zone NOT NULL,
    recipe_id bigint NOT NULL,
    user_id integer NOT NULL
);


ALTER TABLE public.recipes_purchase OWNER TO postgres;

--
-- Name: recipes_purchase_id_seq; Type: SEQUENCE; Schema: public; Owner: postgres
--

ALTER TABLE public.recipes_purchase ALTER COLUMN id ADD GENERATED BY DEFAULT AS IDENTITY (
    SEQUENCE NAME public.recipes_purchase_id_seq
    START WITH 1
    INCREMENT BY 1
    NO MINVALUE
    NO MAXVALUE
    CACHE 1
);


--
-- Name: recipes_recipe; Type: TABLE; Schema: public; Owner: postgres
--

CREATE TABLE public.recipes_recipe (
    id bigint NOT NULL,
    name character varying(50) NOT NULL,
    image character varying(100) NOT NULL,
    description text NOT NULL,
    cooking_time integer NOT NULL,
    slug character varying(50) NOT NULL,
    author_id integer NOT NULL,
    pub_date timestamp with time zone NOT NULL,
    CONSTRAINT recipes_recipe_cooking_time_db26a7cf_check CHECK ((cooking_time >= 0))
);


ALTER TABLE public.recipes_recipe OWNER TO postgres;

--
-- Name: recipes_recipe_id_seq; Type: SEQUENCE; Schema: public; Owner: postgres
--

ALTER TABLE public.recipes_recipe ALTER COLUMN id ADD GENERATED BY DEFAULT AS IDENTITY (
    SEQUENCE NAME public.recipes_recipe_id_seq
    START WITH 1
    INCREMENT BY 1
    NO MINVALUE
    NO MAXVALUE
    CACHE 1
);


--
-- Name: recipes_recipe_tags; Type: TABLE; Schema: public; Owner: postgres
--

CREATE TABLE public.recipes_recipe_tags (
    id bigint NOT NULL,
    recipe_id bigint NOT NULL,
    tag_id bigint NOT NULL
);


ALTER TABLE public.recipes_recipe_tags OWNER TO postgres;

--
-- Name: recipes_recipe_tags_id_seq; Type: SEQUENCE; Schema: public; Owner: postgres
--

ALTER TABLE public.recipes_recipe_tags ALTER COLUMN id ADD GENERATED BY DEFAULT AS IDENTITY (
    SEQUENCE NAME public.recipes_recipe_tags_id_seq
    START WITH 1
    INCREMENT BY 1
    NO MINVALUE
    NO MAXVALUE
    CACHE 1
);


--
-- Name: recipes_recipeingredient; Type: TABLE; Schema: public; Owner: postgres
--

CREATE TABLE public.recipes_recipeingredient (
    id bigint NOT NULL,
    amount integer NOT NULL,
    ingredient_id bigint NOT NULL,
    recipe_id bigint NOT NULL,
    CONSTRAINT recipes_recipeingredient_amount_check CHECK ((amount >= 0))
);


ALTER TABLE public.recipes_recipeingredient OWNER TO postgres;

--
-- Name: recipes_recipeingredient_id_seq; Type: SEQUENCE; Schema: public; Owner: postgres
--

ALTER TABLE public.recipes_recipeingredient ALTER COLUMN id ADD GENERATED BY DEFAULT AS IDENTITY (
    SEQUENCE NAME public.recipes_recipeingredient_id_seq
    START WITH 1
    INCREMENT BY 1
    NO MINVALUE
    NO MAXVALUE
    CACHE 1
);


--
-- Name: recipes_tag; Type: TABLE; Schema: public; Owner: postgres
--

CREATE TABLE public.recipes_tag (
    id bigint NOT NULL,
    name character varying(50) NOT NULL
);


ALTER TABLE public.recipes_tag OWNER TO postgres;

--
-- Name: recipes_tag_id_seq; Type: SEQUENCE; Schema: public; Owner: postgres
--

ALTER TABLE public.recipes_tag ALTER COLUMN id ADD GENERATED BY DEFAULT AS IDENTITY (
    SEQUENCE NAME public.recipes_tag_id_seq
    START WITH 1
    INCREMENT BY 1
    NO MINVALUE
    NO MAXVALUE
    CACHE 1
);


--
-- Name: users_message; Type: TABLE; Schema: public; Owner: postgres
--

CREATE TABLE public.users_message (
    id bigint NOT NULL,
    subject character varying(200) NOT NULL,
    message_body text NOT NULL,
    created_at timestamp with time zone NOT NULL,
    recipient_id integer NOT NULL,
    sender_id integer NOT NULL
);


ALTER TABLE public.users_message OWNER TO postgres;

--
-- Name: users_message_id_seq; Type: SEQUENCE; Schema: public; Owner: postgres
--

ALTER TABLE public.users_message ALTER COLUMN id ADD GENERATED BY DEFAULT AS IDENTITY (
    SEQUENCE NAME public.users_message_id_seq
    START WITH 1
    INCREMENT BY 1
    NO MINVALUE
    NO MAXVALUE
    CACHE 1
);


--
-- Name: users_subscription; Type: TABLE; Schema: public; Owner: postgres
--

CREATE TABLE public.users_subscription (
    id bigint NOT NULL,
    subscribed_to_id integer NOT NULL,
    subscriber_id integer NOT NULL,
    created_at timestamp with time zone NOT NULL
);


ALTER TABLE public.users_subscription OWNER TO postgres;

--
-- Name: users_subscription_id_seq; Type: SEQUENCE; Schema: public; Owner: postgres
--

ALTER TABLE public.users_subscription ALTER COLUMN id ADD GENERATED BY DEFAULT AS IDENTITY (
    SEQUENCE NAME public.users_subscription_id_seq
    START WITH 1
    INCREMENT BY 1
    NO MINVALUE
    NO MAXVALUE
    CACHE 1
);


--
-- Data for Name: auth_group; Type: TABLE DATA; Schema: public; Owner: postgres
--

COPY public.auth_group (id, name) FROM stdin;
\.


--
-- Data for Name: auth_group_permissions; Type: TABLE DATA; Schema: public; Owner: postgres
--

COPY public.auth_group_permissions (id, group_id, permission_id) FROM stdin;
\.


--
-- Data for Name: auth_permission; Type: TABLE DATA; Schema: public; Owner: postgres
--

COPY public.auth_permission (id, name, content_type_id, codename) FROM stdin;
1	Can add ingredient	1	add_ingredient
2	Can change ingredient	1	change_ingredient
3	Can delete ingredient	1	delete_ingredient
4	Can view ingredient	1	view_ingredient
5	Can add recipe	2	add_recipe
6	Can change recipe	2	change_recipe
7	Can delete recipe	2	delete_recipe
8	Can view recipe	2	view_recipe
9	Can add recipe ingredient	3	add_recipeingredient
10	Can change recipe ingredient	3	change_recipeingredient
11	Can delete recipe ingredient	3	delete_recipeingredient
12	Can view recipe ingredient	3	view_recipeingredient
13	Can add log entry	4	add_logentry
14	Can change log entry	4	change_logentry
15	Can delete log entry	4	delete_logentry
16	Can view log entry	4	view_logentry
17	Can add permission	5	add_permission
18	Can change permission	5	change_permission
19	Can delete permission	5	delete_permission
20	Can view permission	5	view_permission
21	Can add group	6	add_group
22	Can change group	6	change_group
23	Can delete group	6	delete_group
24	Can view group	6	view_group
25	Can add user	7	add_user
26	Can change user	7	change_user
27	Can delete user	7	delete_user
28	Can view user	7	view_user
29	Can add content type	8	add_contenttype
30	Can change content type	8	change_contenttype
31	Can delete content type	8	delete_contenttype
32	Can view content type	8	view_contenttype
33	Can add session	9	add_session
34	Can change session	9	change_session
35	Can delete session	9	delete_session
36	Can view session	9	view_session
37	Can add tag	10	add_tag
38	Can change tag	10	change_tag
39	Can delete tag	10	delete_tag
40	Can view tag	10	view_tag
41	Can add kv store	11	add_kvstore
42	Can change kv store	11	change_kvstore
43	Can delete kv store	11	delete_kvstore
44	Can view kv store	11	view_kvstore
45	Can add message	12	add_message
46	Can change message	12	change_message
47	Can delete message	12	delete_message
48	Can view message	12	view_message
49	Can add subscription	13	add_subscription
50	Can change subscription	13	change_subscription
51	Can delete subscription	13	delete_subscription
52	Can view subscription	13	view_subscription
53	Can add favorite	14	add_favorite
54	Can change favorite	14	change_favorite
55	Can delete favorite	14	delete_favorite
56	Can view favorite	14	view_favorite
57	Can add purchase	15	add_purchase
58	Can change purchase	15	change_purchase
59	Can delete purchase	15	delete_purchase
60	Can view purchase	15	view_purchase
61	Can add site	16	add_site
62	Can change site	16	change_site
63	Can delete site	16	delete_site
64	Can view site	16	view_site
65	Can add flat page	17	add_flatpage
66	Can change flat page	17	change_flatpage
67	Can delete flat page	17	delete_flatpage
68	Can view flat page	17	view_flatpage
\.


--
-- Data for Name: auth_user; Type: TABLE DATA; Schema: public; Owner: postgres
--

COPY public.auth_user (id, password, last_login, is_superuser, username, first_name, last_name, email, is_staff, is_active, date_joined) FROM stdin;
3	pbkdf2_sha256$720000$ExfpgA6cJ8SXX1hPX332la$YSu5PMmqQV77VNW6AYoaEQLRLtyDmXgh7Ymu81F4sTM=	2024-08-06 07:16:12.052+03	f	GuessWho	Unrecognized		gw@mail.ru	f	t	2024-08-05 07:44:02.875+03
1	pbkdf2_sha256$720000$0Kts0MdG7mENfhJbe3HwmD$SHT/X7d75TZkAYmDk8LMhgUS6QyrJXtwuX5S/eW1u2o=	2024-10-27 18:56:17.7424+03	t	admin			nothingspecial140925@gmail.com	t	t	2024-07-17 08:20:45.462+03
2	pbkdf2_sha256$720000$RMZ74NeJxP9zBUfj2W8JL9$Y35yVddVb82AXNCwk7gFNNzl49BtQ4yM59Wx81Y6V8g=	2024-11-29 03:01:13.694903+03	t	root			root@mail.ru	t	t	2024-08-02 08:09:30.284+03
\.


--
-- Data for Name: auth_user_groups; Type: TABLE DATA; Schema: public; Owner: postgres
--

COPY public.auth_user_groups (id, user_id, group_id) FROM stdin;
\.


--
-- Data for Name: auth_user_user_permissions; Type: TABLE DATA; Schema: public; Owner: postgres
--

COPY public.auth_user_user_permissions (id, user_id, permission_id) FROM stdin;
\.


--
-- Data for Name: django_admin_log; Type: TABLE DATA; Schema: public; Owner: postgres
--

COPY public.django_admin_log (id, action_time, object_id, object_repr, action_flag, change_message, content_type_id, user_id) FROM stdin;
1	2024-07-18 08:15:27.143+03	1	dad	1	[{"added": {}}]	2	1
2	2024-07-18 08:15:38.909+03	1	dad	3		2	1
3	2024-07-25 08:56:20.543+03	1	Tag object (1)	1	[{"added": {}}]	10	1
4	2024-07-25 08:56:30.88+03	2	Tag object (2)	1	[{"added": {}}]	10	1
5	2024-07-25 08:56:55.282+03	3	Tag object (3)	1	[{"added": {}}]	10	1
6	2024-07-27 08:08:40.415+03	2	Гаспачо с томатным соком	1	[{"added": {}}]	2	1
7	2024-07-27 08:14:24.881+03	2	Гаспачо	2	[{"changed": {"fields": ["Name"]}}]	2	1
8	2024-07-27 08:22:03.985+03	2	Гаспачо	2	[{"changed": {"fields": ["Slug"]}}]	2	1
9	2024-07-27 08:25:20.112+03	2	gaspacho	2	[{"changed": {"fields": ["Name", "Slug"]}}]	2	1
10	2024-07-27 08:30:14.682+03	2	gaspacho	2	[{"changed": {"fields": ["Slug"]}}]	2	1
11	2024-07-27 08:30:55.513+03	2	афа	2	[{"changed": {"fields": ["Name"]}}]	2	1
12	2024-07-27 08:31:33.277+03	2	афаф	2	[{"changed": {"fields": ["Name"]}}]	2	1
13	2024-07-27 08:33:30.715+03	2	аафп	2	[{"changed": {"fields": ["Name", "Slug"]}}]	2	1
14	2024-07-27 08:34:08.755+03	2	ууу	2	[{"changed": {"fields": ["Name", "Slug"]}}]	2	1
15	2024-07-29 07:50:52.305+03	4	пар	1	[{"added": {}}]	2	1
16	2024-07-29 07:53:04.249+03	4	пар	3		2	1
17	2024-07-29 07:57:21.218+03	5	аааафффв	1	[{"added": {}}]	2	1
18	2024-07-29 07:59:18.248+03	5	аааафффfafa	2	[{"changed": {"fields": ["Name", "Slug"]}}]	2	1
19	2024-07-29 08:29:24.956+03	5	аааафффfafa	2	[{"added": {"name": "recipe ingredient", "object": "RecipeIngredient object (1)"}}]	2	1
20	2024-07-29 08:29:39.795+03	5	аааафффfafa	2	[{"added": {"name": "recipe ingredient", "object": "RecipeIngredient object (2)"}}]	2	1
21	2024-07-29 08:30:03.718+03	5	аааафффfafa	2	[{"changed": {"fields": ["Cooking time"]}}, {"added": {"name": "recipe ingredient", "object": "RecipeIngredient object (3)"}}, {"deleted": {"name": "recipe ingredient", "object": "RecipeIngredient object (None)"}}]	2	1
22	2024-07-29 08:30:23.482+03	5	аааафффfafa	3		2	1
23	2024-07-31 07:50:05.442+03	2	ууу	2	[{"changed": {"fields": ["Tags", "Slug"]}}, {"added": {"name": "recipe ingredient", "object": "RecipeIngredient object (4)"}}]	2	1
24	2024-07-31 08:05:32.572+03	2	Гаспачо с томатным соком	2	[{"changed": {"fields": ["Name", "Tags", "Slug"]}}, {"added": {"name": "recipe ingredient", "object": "RecipeIngredient object (5)"}}, {"changed": {"name": "recipe ingredient", "object": "RecipeIngredient object (4)", "fields": ["Amount", "Ingredient"]}}]	2	1
25	2024-07-31 08:08:47.31+03	2	Гаспачо с томатным соком	2	[{"added": {"name": "recipe ingredient", "object": "RecipeIngredient object (6)"}}]	2	1
26	2024-07-31 08:09:23.933+03	2	Гаспачо с томатным соком	2	[{"added": {"name": "recipe ingredient", "object": "RecipeIngredient object (7)"}}]	2	1
27	2024-07-31 08:10:11.989+03	2	Гаспачо с томатным соком	2	[{"changed": {"fields": ["Cooking time"]}}, {"added": {"name": "recipe ingredient", "object": "RecipeIngredient object (8)"}}]	2	1
28	2024-07-31 08:13:58.393+03	2	Гаспачо с томатным соком	2	[{"added": {"name": "recipe ingredient", "object": "RecipeIngredient object (9)"}}]	2	1
29	2024-07-31 08:14:56.673+03	2	Гаспачо с томатным соком	2	[{"added": {"name": "recipe ingredient", "object": "RecipeIngredient object (10)"}}]	2	1
30	2024-07-31 08:15:55.579+03	2	Гаспачо с томатным соком	2	[{"added": {"name": "recipe ingredient", "object": "RecipeIngredient object (11)"}}]	2	1
31	2024-07-31 08:16:44.032+03	2	Гаспачо с томатным соком	2	[{"changed": {"fields": ["Cooking time"]}}, {"added": {"name": "recipe ingredient", "object": "RecipeIngredient object (12)"}}]	2	1
32	2024-07-31 08:17:54.621+03	2	Гаспачо с томатным соком	2	[{"changed": {"fields": ["Cooking time"]}}, {"added": {"name": "recipe ingredient", "object": "RecipeIngredient object (13)"}}]	2	1
33	2024-07-31 08:19:22.535+03	2	Гаспачо с томатным соком	2	[{"added": {"name": "recipe ingredient", "object": "RecipeIngredient object (14)"}}]	2	1
34	2024-08-02 08:11:58.841+03	9	Мясо по-французски	1	[{"added": {}}, {"added": {"name": "recipe ingredient", "object": "RecipeIngredient object (15)"}}]	2	1
35	2024-08-02 08:13:00.666+03	9	Мясо по-французски	2	[{"added": {"name": "recipe ingredient", "object": "RecipeIngredient object (16)"}}]	2	1
36	2024-08-02 08:14:01.591+03	9	Мясо по-французски	2	[{"added": {"name": "recipe ingredient", "object": "RecipeIngredient object (17)"}}]	2	1
37	2024-08-02 08:14:39.256+03	9	Мясо по-французски	2	[{"added": {"name": "recipe ingredient", "object": "RecipeIngredient object (18)"}}]	2	1
38	2024-08-02 08:15:40.571+03	9	Мясо по-французски	2	[{"added": {"name": "recipe ingredient", "object": "RecipeIngredient object (19)"}}]	2	1
39	2024-08-02 08:16:26.659+03	9	Мясо по-французски	2	[{"added": {"name": "recipe ingredient", "object": "RecipeIngredient object (20)"}}]	2	1
40	2024-08-02 08:17:39.74+03	9	Мясо по-французски	2	[{"added": {"name": "recipe ingredient", "object": "RecipeIngredient object (21)"}}]	2	1
41	2024-08-02 08:18:23.619+03	9	Мясо по-французски	2	[{"changed": {"fields": ["Cooking time"]}}, {"added": {"name": "recipe ingredient", "object": "RecipeIngredient object (22)"}}]	2	1
42	2024-08-02 08:19:33.873+03	9	Мясо по-французски	2	[{"added": {"name": "recipe ingredient", "object": "RecipeIngredient object (23)"}}]	2	1
43	2024-08-02 08:08:21.658+03	9	Мясо по-французски	2	[{"added": {"name": "recipe ingredient", "object": "RecipeIngredient object (24)"}}]	2	1
44	2024-08-02 08:11:55.834+03	10	Нежный летний омлет на сметане	1	[{"added": {}}, {"added": {"name": "recipe ingredient", "object": "RecipeIngredient object (25)"}}]	2	2
45	2024-08-02 08:12:46.933+03	10	Нежный летний омлет на сметане	2	[{"added": {"name": "recipe ingredient", "object": "RecipeIngredient object (26)"}}]	2	2
46	2024-08-02 08:13:14.157+03	10	Нежный летний омлет на сметане	2	[{"added": {"name": "recipe ingredient", "object": "RecipeIngredient object (27)"}}]	2	2
47	2024-08-02 08:13:43.388+03	10	Нежный летний омлет на сметане	2	[{"added": {"name": "recipe ingredient", "object": "RecipeIngredient object (28)"}}]	2	2
48	2024-08-02 08:14:18.169+03	10	Нежный летний омлет на сметане	2	[{"added": {"name": "recipe ingredient", "object": "RecipeIngredient object (29)"}}]	2	2
49	2024-08-02 08:14:51.667+03	10	Нежный летний омлет на сметане	2	[{"added": {"name": "recipe ingredient", "object": "RecipeIngredient object (30)"}}]	2	2
95	2024-12-01 01:06:23.509314+03	3	/technologies/ -- Технологии	2	[{"changed": {"fields": ["Content"]}}]	17	2
50	2024-08-02 08:15:30.819+03	10	Нежный летний омлет на сметане	2	[{"added": {"name": "recipe ingredient", "object": "RecipeIngredient object (31)"}}]	2	2
51	2024-08-02 08:18:05.803+03	10	Нежный летний омлет на сметане	2	[{"added": {"name": "recipe ingredient", "object": "RecipeIngredient object (32)"}}]	2	2
52	2024-08-02 08:18:40.086+03	10	Нежный летний омлет на сметане	2	[{"added": {"name": "recipe ingredient", "object": "RecipeIngredient object (33)"}}]	2	2
53	2024-08-02 08:23:47.581+03	11	Пирог из манной крупы с лимонным джемом	1	[{"added": {}}, {"added": {"name": "recipe ingredient", "object": "RecipeIngredient object (34)"}}]	2	2
54	2024-08-02 08:25:52.606+03	11	Пирог из манной крупы с лимонным джемом	2	[{"added": {"name": "recipe ingredient", "object": "RecipeIngredient object (35)"}}]	2	2
55	2024-08-02 08:26:32.896+03	11	Пирог из манной крупы с лимонным джемом	2	[{"added": {"name": "recipe ingredient", "object": "RecipeIngredient object (36)"}}]	2	2
56	2024-08-02 08:26:52.012+03	11	Пирог из манной крупы с лимонным джемом	2	[{"added": {"name": "recipe ingredient", "object": "RecipeIngredient object (37)"}}]	2	2
57	2024-08-02 08:27:29.35+03	11	Пирог из манной крупы с лимонным джемом	2	[{"added": {"name": "recipe ingredient", "object": "RecipeIngredient object (38)"}}]	2	2
58	2024-08-02 08:28:11.546+03	11	Пирог из манной крупы с лимонным джемом	2	[{"added": {"name": "recipe ingredient", "object": "RecipeIngredient object (39)"}}]	2	2
59	2024-08-02 08:28:54.628+03	11	Пирог из манной крупы с лимонным джемом	2	[{"added": {"name": "recipe ingredient", "object": "RecipeIngredient object (40)"}}]	2	2
60	2024-08-02 08:29:34.296+03	11	Пирог из манной крупы с лимонным джемом	2	[{"added": {"name": "recipe ingredient", "object": "RecipeIngredient object (41)"}}]	2	2
61	2024-08-05 08:24:51.319+03	12	Рыбный суп по-итальянски	1	[{"added": {}}, {"added": {"name": "recipe ingredient", "object": "RecipeIngredient object (42)"}}]	2	1
62	2024-08-05 08:25:29.606+03	12	Рыбный суп по-итальянски	2	[{"changed": {"fields": ["Cooking time"]}}, {"added": {"name": "recipe ingredient", "object": "RecipeIngredient object (43)"}}]	2	1
63	2024-08-05 08:26:15.603+03	12	Рыбный суп по-итальянски	2	[{"added": {"name": "recipe ingredient", "object": "RecipeIngredient object (44)"}}]	2	1
64	2024-08-05 08:26:42.222+03	12	Рыбный суп по-итальянски	2	[{"added": {"name": "recipe ingredient", "object": "RecipeIngredient object (45)"}}]	2	1
65	2024-08-05 08:27:13.487+03	12	Рыбный суп по-итальянски	2	[{"added": {"name": "recipe ingredient", "object": "RecipeIngredient object (46)"}}]	2	1
66	2024-08-05 08:28:07.201+03	12	Рыбный суп по-итальянски	2	[{"added": {"name": "recipe ingredient", "object": "RecipeIngredient object (47)"}}]	2	1
67	2024-08-05 08:28:48.36+03	12	Рыбный суп по-итальянски	2	[{"added": {"name": "recipe ingredient", "object": "RecipeIngredient object (48)"}}]	2	1
68	2024-08-05 08:29:40.57+03	12	Рыбный суп по-итальянски	2	[{"added": {"name": "recipe ingredient", "object": "RecipeIngredient object (49)"}}]	2	1
69	2024-08-05 08:30:25.378+03	12	Рыбный суп по-итальянски	2	[{"added": {"name": "recipe ingredient", "object": "RecipeIngredient object (50)"}}]	2	1
70	2024-08-05 08:31:14.06+03	12	Рыбный суп по-итальянски	2	[{"added": {"name": "recipe ingredient", "object": "RecipeIngredient object (51)"}}]	2	1
71	2024-08-05 08:32:53.012+03	12	Рыбный суп по-итальянски	2	[{"changed": {"fields": ["Tags"]}}, {"added": {"name": "recipe ingredient", "object": "RecipeIngredient object (52)"}}]	2	1
72	2024-08-05 08:33:32.769+03	12	Рыбный суп по-итальянски	2	[{"added": {"name": "recipe ingredient", "object": "RecipeIngredient object (53)"}}]	2	1
73	2024-08-05 08:34:49.592+03	12	Рыбный суп по-итальянски	2	[{"added": {"name": "recipe ingredient", "object": "RecipeIngredient object (54)"}}]	2	1
74	2024-08-06 07:35:31.286+03	12	Рыбный суп по-итальянски	2	[{"changed": {"fields": ["Image"]}}]	2	1
75	2024-08-06 07:53:01.329+03	12	Рыбный суп по-итальянски	2	[{"changed": {"fields": ["Image"]}}]	2	1
76	2024-08-06 07:55:56.533+03	12	Рыбный суп по-итальянски	2	[{"changed": {"fields": ["Image"]}}]	2	1
77	2024-08-06 07:58:13.191+03	12	Рыбный суп по-итальянски	2	[{"changed": {"fields": ["Image", "Cooking time"]}}]	2	1
78	2024-08-06 08:10:40.999+03	11	Пирог из манной крупы с лимонным джемом	2	[{"changed": {"fields": ["Image"]}}]	2	1
79	2024-08-06 08:11:10.51+03	10	Нежный летний омлет на сметане	2	[{"changed": {"fields": ["Image"]}}]	2	1
80	2024-08-06 08:11:40.181+03	9	Мясо по-французски	2	[{"changed": {"fields": ["Image"]}}]	2	1
81	2024-08-06 08:12:26.845+03	2	Гаспачо с томатным соком	2	[{"changed": {"fields": ["Image", "Cooking time"]}}]	2	1
82	2024-08-06 08:14:30.193+03	11	Пирог из манной крупы с лимонным джемом	2	[{"changed": {"fields": ["Image"]}}]	2	1
83	2024-10-27 18:54:49.713405+03	13	Сливочный суп с креветками	1	[{"added": {}}, {"added": {"name": "recipe ingredient", "object": "RecipeIngredient object (55)"}}]	2	1
84	2024-11-30 21:55:57.615016+03	1	127.0.0.1:8000	2	[{"changed": {"fields": ["Domain name", "Display name"]}}]	16	2
85	2024-11-30 22:02:29.275136+03	1	/product/ -- О продукте	1	[{"added": {}}]	17	2
86	2024-11-30 22:57:23.478481+03	2	/author/ -- Об авторе	1	[{"added": {}}]	17	2
87	2024-11-30 22:59:34.969378+03	2	/author/ -- Об авторе	2	[{"changed": {"fields": ["Content"]}}]	17	2
88	2024-11-30 23:07:00.595945+03	2	/author/ -- Об авторе	2	[{"changed": {"fields": ["Content"]}}]	17	2
89	2024-12-01 00:54:34.744055+03	3	/technologies/ -- Технологии	1	[{"added": {}}]	17	2
90	2024-12-01 00:57:14.824013+03	3	/technologies/ -- Технологии	2	[{"changed": {"fields": ["Content"]}}]	17	2
91	2024-12-01 00:57:59.14657+03	3	/technologies/ -- Технологии	2	[{"changed": {"fields": ["Content"]}}]	17	2
92	2024-12-01 01:01:34.936056+03	3	/technologies/ -- Технологии	2	[{"changed": {"fields": ["Content"]}}]	17	2
93	2024-12-01 01:03:54.796876+03	3	/technologies/ -- Технологии	2	[{"changed": {"fields": ["Content"]}}]	17	2
94	2024-12-01 01:04:57.468436+03	3	/technologies/ -- Технологии	2	[{"changed": {"fields": ["Content"]}}]	17	2
96	2024-12-01 01:10:22.420781+03	3	/technologies/ -- Технологии	2	[{"changed": {"fields": ["Content"]}}]	17	2
97	2024-12-01 01:14:07.541571+03	3	/technologies/ -- Технологии	2	[{"changed": {"fields": ["Content"]}}]	17	2
\.


--
-- Data for Name: django_content_type; Type: TABLE DATA; Schema: public; Owner: postgres
--

COPY public.django_content_type (id, app_label, model) FROM stdin;
1	recipes	ingredient
2	recipes	recipe
3	recipes	recipeingredient
4	admin	logentry
5	auth	permission
6	auth	group
7	auth	user
8	contenttypes	contenttype
9	sessions	session
10	recipes	tag
11	thumbnail	kvstore
12	users	message
13	users	subscription
14	recipes	favorite
15	recipes	purchase
16	sites	site
17	flatpages	flatpage
\.


--
-- Data for Name: django_flatpage; Type: TABLE DATA; Schema: public; Owner: postgres
--

COPY public.django_flatpage (id, url, title, content, enable_comments, template_name, registration_required) FROM stdin;
1	/product/	О продукте	«Продуктовый помощник».\r\n        Это онлайн-сервис, где пользователи могут:\r\n        <br>\r\n        <li>Публиковать рецепты</li>\r\n        <li>Подписываться на публикации других пользователей</li>\r\n        <li>Добавлять понравившиеся рецепты в список «Избранное»</li>\r\n        <li>Перед походом в магазин скачивать сводный список продуктов, \r\n        необходимых для приготовления одного или нескольких выбранных блюд.</li>	f		f
2	/author/	Об авторе	Разработка веб-приложений и сайтов на Django, DRF, создание Telegram-ботов.<br>\r\nКонтактные данные:\r\n<ul><li>Email: <a href="mailto:nothingspecial140925@gmail.com">nothingspecial140925@gmail.com</a></li>\r\n<li>GitHub <a href="https://www.github.com/NothingSpecial14">https://www.github.com/NothingSpecial14</a></li></ul>	f		f
3	/technologies/	Технологии	При работе над проектом примепены следующие технологии:<br>\r\n<p><span style="color: blue">• Фронтенд (Frontend):</span> <br>\r\n  * HTML5, CSS3, JavaScript (ES6+)<br>\r\n  * Bootstrap<br></p>\r\n\r\n<p><span style="color: blue">• Бэкенд (Backend):</span> <br>\r\n  * Python<br>\r\n  * Django<br>\r\n  * Django REST Framework (DRF)<br>\r\n  * База данных PostgreSQL<br>\r\n  * Сервер приложений Gunicorn<br>\r\n  * NGINX<br></p>\r\n\r\n<p><span style="color: blue">• Инструменты и библиотеки:</span><br>\r\n  * Git для контроля версий<br>\r\n  * Docker для контейнеризации<br></p>	f		f
\.


--
-- Data for Name: django_flatpage_sites; Type: TABLE DATA; Schema: public; Owner: postgres
--

COPY public.django_flatpage_sites (id, flatpage_id, site_id) FROM stdin;
1	1	1
2	2	1
3	3	1
\.


--
-- Data for Name: django_migrations; Type: TABLE DATA; Schema: public; Owner: postgres
--

COPY public.django_migrations (id, app, name, applied) FROM stdin;
1	contenttypes	0001_initial	2024-09-27 08:14:31.405713+03
2	auth	0001_initial	2024-09-27 08:14:31.494364+03
3	admin	0001_initial	2024-09-27 08:14:31.516529+03
4	admin	0002_logentry_remove_auto_add	2024-09-27 08:14:31.525915+03
5	admin	0003_logentry_add_action_flag_choices	2024-09-27 08:14:31.532566+03
6	contenttypes	0002_remove_content_type_name	2024-09-27 08:14:31.550279+03
7	auth	0002_alter_permission_name_max_length	2024-09-27 08:14:31.556951+03
8	auth	0003_alter_user_email_max_length	2024-09-27 08:14:31.570165+03
9	auth	0004_alter_user_username_opts	2024-09-27 08:14:31.579107+03
10	auth	0005_alter_user_last_login_null	2024-09-27 08:14:31.588399+03
11	auth	0006_require_contenttypes_0002	2024-09-27 08:14:31.589461+03
12	auth	0007_alter_validators_add_error_messages	2024-09-27 08:14:31.59739+03
13	auth	0008_alter_user_username_max_length	2024-09-27 08:14:31.621644+03
14	auth	0009_alter_user_last_name_max_length	2024-09-27 08:14:31.635961+03
15	auth	0010_alter_group_name_max_length	2024-09-27 08:14:31.651606+03
16	auth	0011_update_proxy_permissions	2024-09-27 08:14:31.663296+03
17	auth	0012_alter_user_first_name_max_length	2024-09-27 08:14:31.673745+03
18	recipes	0001_initial	2024-09-27 08:14:31.73144+03
19	recipes	0002_rename_mame_recipe_name	2024-09-27 08:14:31.742755+03
20	recipes	0003_recipe_pub_date	2024-09-27 08:14:31.757328+03
21	recipes	0004_alter_recipe_pub_date	2024-09-27 08:14:31.766385+03
22	recipes	0005_remove_ingredient_amount_alter_recipe_image_and_more	2024-09-27 08:14:31.779862+03
23	recipes	0006_alter_recipe_cooking_time_alter_recipe_description	2024-09-27 08:14:31.806233+03
24	recipes	0007_tag_remove_recipe_tag_recipe_tags	2024-09-27 08:14:31.851124+03
25	recipes	0008_alter_ingredient_options_alter_tag_name	2024-09-27 08:14:31.882982+03
26	sessions	0001_initial	2024-09-27 08:14:31.894016+03
27	users	0001_initial	2024-09-27 08:14:31.924452+03
28	users	0002_subscription	2024-09-27 08:14:31.9547+03
29	users	0003_subscription_created_at	2024-10-27 11:05:47.675182+03
30	recipes	0009_favorite	2024-11-09 02:08:57.87817+03
31	recipes	0010_purchase	2024-11-10 23:45:54.022307+03
32	sites	0001_initial	2024-11-30 21:43:44.746559+03
33	flatpages	0001_initial	2024-11-30 21:43:44.788863+03
34	sites	0002_alter_domain_unique	2024-11-30 21:43:44.80268+03
\.


--
-- Data for Name: django_session; Type: TABLE DATA; Schema: public; Owner: postgres
--

COPY public.django_session (session_key, session_data, expire_date) FROM stdin;
25fqe6tzrq4f9wuuroo4pxliiyx29sjy	.eJxVjMsOwiAQRf-FtSEzvAIu3fsNZICpVA0kpV0Z_12bdKHbe865LxFpW2vcBi9xLuIslDj9bonyg9sOyp3arcvc27rMSe6KPOiQ1174eTncv4NKo35ra4ohSN44DKAcM08lg9GkKQd2kNAGh5gBAf2EypmsvWKL6DQU8uL9AdAANvA:1sju2c:MQkBEjUDUv7s7Skt8McicQaOnJAiVmxZUTHzgIs1r7s	2024-09-13 08:19:22.238+03
2wxpqvk24uidw4o0ox09768qi6udrvkw	.eJxVjMsOwiAQRf-FtSEzvAIu3fsNZICpVA0kpV0Z_12bdKHbe865LxFpW2vcBi9xLuIslDj9bonyg9sOyp3arcvc27rMSe6KPOiQ1174eTncv4NKo35ra4ohSN44DKAcM08lg9GkKQd2kNAGh5gBAf2EypmsvWKL6DQU8uL9AdAANvA:1slLtA:Ln93Pi5_T0fBIpqm0GHm4uQ76JP-ATDduuf__9lsNu4	2024-09-17 08:15:36.71+03
5ru566p31vlt5bo1vlkm4fnc3njeq5ql	.eJxVjMsOwiAQRf-FtSEzvAIu3fsNZICpVA0kpV0Z_12bdKHbe865LxFpW2vcBi9xLuIslDj9bonyg9sOyp3arcvc27rMSe6KPOiQ1174eTncv4NKo35ra4ohSN44DKAcM08lg9GkKQd2kNAGh5gBAf2EypmsvWKL6DQU8uL9AdAANvA:1scHLB:GrJ7xlFey9F9qz8GiIqHyWtdt2wTg3S63YMME9PvzWM	2024-08-23 07:35:01.25+03
659hv3viu7hhga67v9mpfb51hwez83sq	.eJxVjMsOwiAQRf-FtSEzvAIu3fsNZICpVA0kpV0Z_12bdKHbe865LxFpW2vcBi9xLuIslDj9bonyg9sOyp3arcvc27rMSe6KPOiQ1174eTncv4NKo35ra4ohSN44DKAcM08lg9GkKQd2kNAGh5gBAf2EypmsvWKL6DQU8uL9AdAANvA:1sjtq1:2hP7qnAiUyGhh8ce3_IlKvKZUl_KymvCpKg8JpVbKe0	2024-09-13 08:06:21.559+03
7tqhashbkrnnluwptzz85fawe96myon2	.eJxVjMsOwiAQRf-FtSEzvAIu3fsNZICpVA0kpV0Z_12bdKHbe865LxFpW2vcBi9xLuIslDj9bonyg9sOyp3arcvc27rMSe6KPOiQ1174eTncv4NKo35ra4ohSN44DKAcM08lg9GkKQd2kNAGh5gBAf2EypmsvWKL6DQU8uL9AdAANvA:1sbvMD:9AklH0qbQ-WXG-6YigmpX5gIwLSYZH4voUpA3vYR8v4	2024-08-22 08:06:37.427+03
9mm6u7lj3ete0m1nklxf8fslmaeizkpu	.eJxVjEEOwiAQRe_C2hAKlBlcuvcMZBhAqoYmpV0Z765NutDtf-_9lwi0rTVsPS9hSuIstDj9bpH4kdsO0p3abZY8t3WZotwVedAur3PKz8vh_h1U6vVb29HBkDFbNAmZU9JQ2CADjJStIkAfnQNHRqHTHg0Uz24AUljYWyXeH9eQNz8:1sZkYA:THDPOd3dx5ex0CxjntBAM_cWiM_l6i704c2IffG4fUA	2024-08-16 08:09:58.987+03
anxv4t73lquio46spc8srfiupf6w7mfb	.eJxVjMsOwiAQRf-FtSEzvAIu3fsNZICpVA0kpV0Z_12bdKHbe865LxFpW2vcBi9xLuIslDj9bonyg9sOyp3arcvc27rMSe6KPOiQ1174eTncv4NKo35ra4ohSN44DKAcM08lg9GkKQd2kNAGh5gBAf2EypmsvWKL6DQU8uL9AdAANvA:1sjtwR:DjYZHjxIxkxqm-3QpR_3RHt6GQUesLvA9P9Tkhj0xDk	2024-09-13 08:12:59.713+03
awo78r1kx4ey1lfptz4xf8je9uhs67ig	.eJxVjMsOwiAQRf-FtSEzvAIu3fsNZICpVA0kpV0Z_12bdKHbe865LxFpW2vcBi9xLuIslDj9bonyg9sOyp3arcvc27rMSe6KPOiQ1174eTncv4NKo35ra4ohSN44DKAcM08lg9GkKQd2kNAGh5gBAf2EypmsvWKL6DQU8uL9AdAANvA:1shLgl:GvfsLDNXH32Mj7FaPWPe_Yy4Up8yG_FE8R60qzC9d1M	2024-09-06 07:14:15.594+03
b5y6biulk3lkx956ssmttyy28elcow9l	.eJxVjEEOwiAQRe_C2hAKlBlcuvcMZBhAqoYmpV0Z765NutDtf-_9lwi0rTVsPS9hSuIstDj9bpH4kdsO0p3abZY8t3WZotwVedAur3PKz8vh_h1U6vVb29HBkDFbNAmZU9JQ2CADjJStIkAfnQNHRqHTHg0Uz24AUljYWyXeH9eQNz8:1sbYec:xCd1lZsLRaMSoX9qlc2GOcR9UUq7hmf-OFBGIPm6lbI	2024-08-21 07:52:06.473+03
dgape98t8ledkeoqv4gypu24u1x3695s	.eJxVjMsOwiAQRf-FtSEzvAIu3fsNZICpVA0kpV0Z_12bdKHbe865LxFpW2vcBi9xLuIslDj9bonyg9sOyp3arcvc27rMSe6KPOiQ1174eTncv4NKo35ra4ohSN44DKAcM08lg9GkKQd2kNAGh5gBAf2EypmsvWKL6DQU8uL9AdAANvA:1shiLd:yy1m2wKqp12YHbXjfjY_cWkIl99tMzh_4LYYMVgLXf0	2024-09-07 07:25:57.301+03
ec6061bf0l4pledh1fwrshp7hsazdd1t	.eJxVjMsOwiAQRf-FtSEzvAIu3fsNZICpVA0kpV0Z_12bdKHbe865LxFpW2vcBi9xLuIslDj9bonyg9sOyp3arcvc27rMSe6KPOiQ1174eTncv4NKo35ra4ohSN44DKAcM08lg9GkKQd2kNAGh5gBAf2EypmsvWKL6DQU8uL9AdAANvA:1skzZQ:22Ua0BoeyBcsSjlWhGBeB63_Xy4LPzjvGs54pvUEkN8	2024-09-16 08:25:44.014+03
evbdixz7dadc4fkwbqw3g9untyj8rkxt	.eJxVjEsOwjAMBe-SNYqSpg4uS_Y9Q2U7LimgROpnhbg7VOoCtm9m3ssMtK152BadhymZi_Hm9LsxyUPLDtKdyq1aqWWdJ7a7Yg-62L4mfV4P9-8g05K_dTwDBnIYFLsOY9K2EQetsGNlDOCICQXQhwQhqG8iOhlHjwAwCpN5fwDKZTek:1sTxAq:qf5WgrpnjsokQBIXR0cMjDYsPEFZJTgdrmkK_d2pZxo	2024-07-31 08:25:56.677+03
isqka551nr9mnhv2294g26g13fgg4cy2	.eJxVjMsOwiAQRf-FtSEzvAIu3fsNZICpVA0kpV0Z_12bdKHbe865LxFpW2vcBi9xLuIslDj9bonyg9sOyp3arcvc27rMSe6KPOiQ1174eTncv4NKo35ra4ohSN44DKAcM08lg9GkKQd2kNAGh5gBAf2EypmsvWKL6DQU8uL9AdAANvA:1slLhD:nPI6fWS2eJmGi8pHPBIKHLZGJn7dG8oLBvXGwA-GDGE	2024-09-17 08:03:15.725+03
k7wafs0fril3i18bs43bwb0q3znlt9h0	.eJxVjMsOwiAQRf-FtSEzvAIu3fsNZICpVA0kpV0Z_12bdKHbe865LxFpW2vcBi9xLuIslDj9bonyg9sOyp3arcvc27rMSe6KPOiQ1174eTncv4NKo35ra4ohSN44DKAcM08lg9GkKQd2kNAGh5gBAf2EypmsvWKL6DQU8uL9AdAANvA:1sjtcY:cYPilBZcZf1AQ6WJQbPpmQcY84FYAKZ7dAQ_6t67d9U	2024-09-13 07:52:26.23+03
n52g56z8zd3zdplghe5pnpliavde1nlo	.eJxVjMsOwiAQRf-FtSEzvAIu3fsNZICpVA0kpV0Z_12bdKHbe865LxFpW2vcBi9xLuIslDj9bonyg9sOyp3arcvc27rMSe6KPOiQ1174eTncv4NKo35ra4ohSN44DKAcM08lg9GkKQd2kNAGh5gBAf2EypmsvWKL6DQU8uL9AdAANvA:1slLIj:nFZUkfJtEJd-ncj2d2IcpB8unLg1auMTa1holwdCQBQ	2024-09-17 07:37:57.134+03
n6ujtbexv8di6qtdyrwe8eua37av8js3	.eJxVjEEOwiAQAP_C2RCWLVvq0btvIMCuUjU0Ke3J-HdD0oNeZybzViHuWwl7kzXMrM7KqtMvSzE_pXbBj1jvi85L3dY56Z7owzZ9XVhel6P9G5TYSt86I8hoxABPRI4BJDOjSyPA4AUpWsiGJQOhYJrEerphIoyeZBjV5wvUIDeT:1sbv0R:rtkHeFjfw0QHvvx_XlS_-MKC3tvI8dMTzOjOzLu7Zvw	2024-08-22 07:44:07.556+03
qxoxiji31n1qjtu7mrwwordubgry8e06	.eJxVjMsOwiAQRf-FtSEzvAIu3fsNZICpVA0kpV0Z_12bdKHbe865LxFpW2vcBi9xLuIslDj9bonyg9sOyp3arcvc27rMSe6KPOiQ1174eTncv4NKo35ra4ohSN44DKAcM08lg9GkKQd2kNAGh5gBAf2EypmsvWKL6DQU8uL9AdAANvA:1skz2h:WzUOFchQ1IdWFFmzzDCwkwU6iNpEBxLfABBwLzlba3c	2024-09-16 07:51:55.856+03
sncmw345q7aysysojxzcftv1a5kajm2v	.eJxVjEsOwjAMBe-SNYqSpg4uS_Y9Q2U7LimgROpnhbg7VOoCtm9m3ssMtK152BadhymZi_Hm9LsxyUPLDtKdyq1aqWWdJ7a7Yg-62L4mfV4P9-8g05K_dTwDBnIYFLsOY9K2EQetsGNlDOCICQXQhwQhqG8iOhlHjwAwCpN5fwDKZTek:1saqAJ:gqpbb0vN8aGS3S3PSCNL3VOyWdrOKp6Eh2pBtdxmPJE	2024-08-19 08:21:51.777+03
sto66umyit7frfilfi9hfcb6spprn8cq	.eJxVjMsOwiAQRf-FtSEzvAIu3fsNZICpVA0kpV0Z_12bdKHbe865LxFpW2vcBi9xLuIslDj9bonyg9sOyp3arcvc27rMSe6KPOiQ1174eTncv4NKo35ra4ohSN44DKAcM08lg9GkKQd2kNAGh5gBAf2EypmsvWKL6DQU8uL9AdAANvA:1skyji:5KlyZRBgem6XzhwRBzWjdLfV0EPsB5t_Fpyzz2lLeUg	2024-09-16 07:32:18.312+03
xmju6zb85ebk1dxuvml5z0sfq5psg8pl	.eJxVjMsOwiAQRf-FtSEzvAIu3fsNZICpVA0kpV0Z_12bdKHbe865LxFpW2vcBi9xLuIslDj9bonyg9sOyp3arcvc27rMSe6KPOiQ1174eTncv4NKo35ra4ohSN44DKAcM08lg9GkKQd2kNAGh5gBAf2EypmsvWKL6DQU8uL9AdAANvA:1sjAbs:qJdjo6rKIqEffJ4yVgRks6WkZxNGCDSGCrFXfdLIYmc	2024-09-11 07:48:44.693+03
ywtxofqb5azd5rhfuot06tqs31u34scu	.eJxVjEsOwjAMBe-SNYqSpg4uS_Y9Q2U7LimgROpnhbg7VOoCtm9m3ssMtK152BadhymZi_Hm9LsxyUPLDtKdyq1aqWWdJ7a7Yg-62L4mfV4P9-8g05K_dTwDBnIYFLsOY9K2EQetsGNlDOCICQXQhwQhqG8iOhlHjwAwCpN5fwDKZTek:1sbBuJ:XxXxlBOS9zRq1ZJmJtchljm6J6xPvStFLDNltNYrJ3Y	2024-08-20 07:34:47.824+03
zcy60u46htwca8elnzuhknf79ok3d0d1	.eJxVjMsOwiAQRf-FtSEzvAIu3fsNZICpVA0kpV0Z_12bdKHbe865LxFpW2vcBi9xLuIslDj9bonyg9sOyp3arcvc27rMSe6KPOiQ1174eTncv4NKo35ra4ohSN44DKAcM08lg9GkKQd2kNAGh5gBAf2EypmsvWKL6DQU8uL9AdAANvA:1skzLq:RkO_PvPH5gL0H3JSulKUGqoont60xE1kViRck-vaB_Y	2024-09-16 08:11:42.777+03
zoly9cb741uwif3fa8bqqw6ibsscz4n4	.eJxVjEsOwjAMBe-SNYqSpg4uS_Y9Q2U7LimgROpnhbg7VOoCtm9m3ssMtK152BadhymZi_Hm9LsxyUPLDtKdyq1aqWWdJ7a7Yg-62L4mfV4P9-8g05K_dTwDBnIYFLsOY9K2EQetsGNlDOCICQXQhwQhqG8iOhlHjwAwCpN5fwDKZTek:1sbCAt:hVDLj5dRjFh9uDhDe7YSssyLTwhZDkTvm1WHTAuT9Ps	2024-08-20 07:51:55.965+03
mwbgq75pxre5n953fauvyvv8qlyqkmv6	.eJxVjMsOwiAQRf-FtSEzvAIu3fsNZICpVA0kpV0Z_12bdKHbe865LxFpW2vcBi9xLuIslDj9bonyg9sOyp3arcvc27rMSe6KPOiQ1174eTncv4NKo35ra4ohSN44DKAcM08lg9GkKQd2kNAGh5gBAf2EypmsvWKL6DQU8uL9AdAANvA:1su46o:vGgjuSlEZW1pdUXAAbQnCG4v52lzM6Wa05xCDq-x8RQ	2024-10-11 09:05:42.895781+03
ixmtmtpalgisu6yh9026hnwjz2im6fxh	.eJxVjMsOwiAQRf-FtSEzvAIu3fsNZICpVA0kpV0Z_12bdKHbe865LxFpW2vcBi9xLuIslDj9bonyg9sOyp3arcvc27rMSe6KPOiQ1174eTncv4NKo35ra4ohSN44DKAcM08lg9GkKQd2kNAGh5gBAf2EypmsvWKL6DQU8uL9AdAANvA:1su4Xn:GG2x6cIfpeEevWL0PVFm3QmtduVTM-vnODUYWvWMhmo	2024-10-11 09:33:35.21808+03
al28s3iuk176oouo8j5ebitlcl6e63w4	.eJxVjMsOwiAQRf-FtSEzvAIu3fsNZICpVA0kpV0Z_12bdKHbe865LxFpW2vcBi9xLuIslDj9bonyg9sOyp3arcvc27rMSe6KPOiQ1174eTncv4NKo35ra4ohSN44DKAcM08lg9GkKQd2kNAGh5gBAf2EypmsvWKL6DQU8uL9AdAANvA:1suXGF:Aw27OLrjBAZL6tsD-YUlMZL3yUtvtf22T-gbW1Ya6GU	2024-10-12 16:13:23.555044+03
wkn0ty11vbsngnymbmblhdwwi5tjeh04	.eJxVjMsOwiAQRf-FtSEzvAIu3fsNZICpVA0kpV0Z_12bdKHbe865LxFpW2vcBi9xLuIslDj9bonyg9sOyp3arcvc27rMSe6KPOiQ1174eTncv4NKo35ra4ohSN44DKAcM08lg9GkKQd2kNAGh5gBAf2EypmsvWKL6DQU8uL9AdAANvA:1suXP3:nqqENw8NehFHxbif-iWr1vjmYu5f4UxbapKaeAkorsA	2024-10-12 16:22:29.699511+03
s0sn14azlik0sj54cyv3xiinr6hybi4h	.eJxVjMsOwiAQRf-FtSEzvAIu3fsNZICpVA0kpV0Z_12bdKHbe865LxFpW2vcBi9xLuIslDj9bonyg9sOyp3arcvc27rMSe6KPOiQ1174eTncv4NKo35ra4ohSN44DKAcM08lg9GkKQd2kNAGh5gBAf2EypmsvWKL6DQU8uL9AdAANvA:1sv8wj:85B5nCc3zgcqOMbohtog72WUbXGn-OVIQyRIExNP508	2024-10-14 08:27:45.561019+03
kkd8x9aamefitoo3umokk95b8cqtje2n	.eJxVjMsOwiAQRf-FtSEzvAIu3fsNZICpVA0kpV0Z_12bdKHbe865LxFpW2vcBi9xLuIslDj9bonyg9sOyp3arcvc27rMSe6KPOiQ1174eTncv4NKo35ra4ohSN44DKAcM08lg9GkKQd2kNAGh5gBAf2EypmsvWKL6DQU8uL9AdAANvA:1swE7K:ii2WOTOpMoR2URKsqXFqAuqAdoH3rOkek4SA_lU4PSY	2024-10-17 08:11:10.720357+03
2kxx76q1k8vaqnrdzs8z6wjqh6r8tdzo	.eJxVjMsOwiAQRf-FtSEzvAIu3fsNZICpVA0kpV0Z_12bdKHbe865LxFpW2vcBi9xLuIslDj9bonyg9sOyp3arcvc27rMSe6KPOiQ1174eTncv4NKo35ra4ohSN44DKAcM08lg9GkKQd2kNAGh5gBAf2EypmsvWKL6DQU8uL9AdAANvA:1swGL4:Rwnliuxp6k7VoDUKW2j_bLeA90LsFeeMP3Gdqm3eilQ	2024-10-17 10:33:30.584166+03
mqhykhypol3zqktr6ssxn1p8sa19uq9t	.eJxVjMsOwiAQRf-FtSEzvAIu3fsNZICpVA0kpV0Z_12bdKHbe865LxFpW2vcBi9xLuIslDj9bonyg9sOyp3arcvc27rMSe6KPOiQ1174eTncv4NKo35ra4ohSN44DKAcM08lg9GkKQd2kNAGh5gBAf2EypmsvWKL6DQU8uL9AdAANvA:1swLC5:SVXAdvLIykpQF_JNGF8hXXE93iEbW8qQhkfr-YgGMpg	2024-10-17 15:44:33.807725+03
wygfhdjpdv9qcb154m6j437t8g22swme	.eJxVjMsOwiAQRf-FtSEzvAIu3fsNZICpVA0kpV0Z_12bdKHbe865LxFpW2vcBi9xLuIslDj9bonyg9sOyp3arcvc27rMSe6KPOiQ1174eTncv4NKo35ra4ohSN44DKAcM08lg9GkKQd2kNAGh5gBAf2EypmsvWKL6DQU8uL9AdAANvA:1sx0rc:8lVwnFyKrafxsA85YQ6c6TqyWtVjX60oqsrEeRZwvTs	2024-10-19 12:14:12.699024+03
6ok3msmlsy0jdbw6tctviis2a8qwyzhq	.eJxVjMsOwiAQRf-FtSEzvAIu3fsNZICpVA0kpV0Z_12bdKHbe865LxFpW2vcBi9xLuIslDj9bonyg9sOyp3arcvc27rMSe6KPOiQ1174eTncv4NKo35ra4ohSN44DKAcM08lg9GkKQd2kNAGh5gBAf2EypmsvWKL6DQU8uL9AdAANvA:1sx2hz:rwDQogDjBd9xGllm_BBmWFGan6TuaaAqI4Yls0mwJqU	2024-10-19 14:12:23.633395+03
3fax0jf33j0hd8ni1lc5kyloeu0r7brb	.eJxVjMsOwiAQRf-FtSEzvAIu3fsNZICpVA0kpV0Z_12bdKHbe865LxFpW2vcBi9xLuIslDj9bonyg9sOyp3arcvc27rMSe6KPOiQ1174eTncv4NKo35ra4ohSN44DKAcM08lg9GkKQd2kNAGh5gBAf2EypmsvWKL6DQU8uL9AdAANvA:1t09Wq:jnnK17NgszIxX4JqtOyg_HYHuPZt1uGJRdTEzGBBxx4	2024-10-28 04:05:44.994545+03
o3t1iwzceslvog4smmovsj9q638wwbec	.eJxVjMsOwiAQRf-FtSEzvAIu3fsNZICpVA0kpV0Z_12bdKHbe865LxFpW2vcBi9xLuIslDj9bonyg9sOyp3arcvc27rMSe6KPOiQ1174eTncv4NKo35ra4ohSN44DKAcM08lg9GkKQd2kNAGh5gBAf2EypmsvWKL6DQU8uL9AdAANvA:1t3kxn:OXl_ujoMYSCV22NQ1R9vLIPHEqDAHZEoSL7RYzgJgzY	2024-11-07 02:40:27.096476+03
numwg9cnwrdsqe5wabtgifj6803hvvuw	.eJxVjEsOwjAMBe-SNYqSpg4uS_Y9Q2U7LimgROpnhbg7VOoCtm9m3ssMtK152BadhymZi_Hm9LsxyUPLDtKdyq1aqWWdJ7a7Yg-62L4mfV4P9-8g05K_dTwDBnIYFLsOY9K2EQetsGNlDOCICQXQhwQhqG8iOhlHjwAwCpN5fwDKZTek:1t55PG:zx_C8pU1e5n3dSNDBC3UjoLYMtwYzdj28TJFMjw_q0A	2024-11-10 18:42:18.620794+03
7ty7ppmk14lhvlu6fiv3bbgbtit99xaf	.eJxVjEsOwjAMBe-SNYqSpg4uS_Y9Q2U7LimgROpnhbg7VOoCtm9m3ssMtK152BadhymZi_Hm9LsxyUPLDtKdyq1aqWWdJ7a7Yg-62L4mfV4P9-8g05K_dTwDBnIYFLsOY9K2EQetsGNlDOCICQXQhwQhqG8iOhlHjwAwCpN5fwDKZTek:1t55cn:rmwLLEefi27jKC9CqpfoBfUEVh6PYkzbAmh9Lxa9Hgo	2024-11-10 18:56:17.744403+03
23gxmwzxktnr15lzzjfskepgul4nhc9n	.eJxVjMsOwiAQRf-FtSEzvAIu3fsNZICpVA0kpV0Z_12bdKHbe865LxFpW2vcBi9xLuIslDj9bonyg9sOyp3arcvc27rMSe6KPOiQ1174eTncv4NKo35ra4ohSN44DKAcM08lg9GkKQd2kNAGh5gBAf2EypmsvWKL6DQU8uL9AdAANvA:1t55fF:ZY7Z_pH3Lnif3lAiL9WkIImCbgq9jmAzFQzwe5DVy74	2024-11-10 18:58:49.546614+03
tfmcn0x813izalfemgx3w5ykbqspfa9f	.eJxVjMsOwiAQRf-FtSEzvAIu3fsNZICpVA0kpV0Z_12bdKHbe865LxFpW2vcBi9xLuIslDj9bonyg9sOyp3arcvc27rMSe6KPOiQ1174eTncv4NKo35ra4ohSN44DKAcM08lg9GkKQd2kNAGh5gBAf2EypmsvWKL6DQU8uL9AdAANvA:1tAwS8:19KO2bC0cQQ4dnlHELGBwljkaYnzowSWC6a_w5ynfho	2024-11-26 22:21:28.265488+03
egejodequ4iqi2ny4z14e52jyoel1o2d	.eJxVjMsOwiAQRf-FtSEzvAIu3fsNZICpVA0kpV0Z_12bdKHbe865LxFpW2vcBi9xLuIslDj9bonyg9sOyp3arcvc27rMSe6KPOiQ1174eTncv4NKo35ra4ohSN44DKAcM08lg9GkKQd2kNAGh5gBAf2EypmsvWKL6DQU8uL9AdAANvA:1tGoRd:AcW26ToBW2i288258SrmJKPyvRv7bvDX2EBip2NbG0w	2024-12-13 03:01:13.70355+03
\.


--
-- Data for Name: django_site; Type: TABLE DATA; Schema: public; Owner: postgres
--

COPY public.django_site (id, domain, name) FROM stdin;
1	127.0.0.1:8000	127.0.0.1:8000
\.


--
-- Data for Name: recipes_favorite; Type: TABLE DATA; Schema: public; Owner: postgres
--

COPY public.recipes_favorite (id, created_at, recipe_id, user_id) FROM stdin;
\.


--
-- Data for Name: recipes_ingredient; Type: TABLE DATA; Schema: public; Owner: postgres
--

COPY public.recipes_ingredient (id, name, unit) FROM stdin;
1	абрикосовое варенье	г
2	абрикосовое пюре	г
3	абрикосовый джем	г
4	абрикосовый сок	стакан
5	абрикосы	г
6	абрикосы консервированные	г
7	авокадо	по вкусу
8	агава сироп	г
9	агар-агар	г
10	аграм	г
11	аджика	г
12	аджика зеленая	г
13	айва	по вкусу
14	айвовое пюре	г
15	айран	г
16	айсинг	г
17	акула стейки	г
18	алкоголь	стакан
19	алкоголь крепкий	ст. л.
20	алыча	г
21	альбухара	шт.
22	альмехи	г
23	амарантовая мука	г
24	ананасовый сироп	г
25	ананасовый сок	г
26	ананасы	г
27	ананасы вяленые	г
28	ананасы консервированные	по вкусу
29	анис	по вкусу
30	анис звездочки	г
31	анисовый ликер	мл
32	анис семена	г
33	анчоусы	г
34	апельсиновая вода	г
35	апельсиновая цедра	г
36	апельсиновая эссенция	ч. л.
37	апельсиновое варенье	г
38	апельсиновые цукаты	г
39	апельсиновый джем	г
40	апельсиновый джем с имбирем	г
41	апельсиновый ликер	г
42	апельсиновый сироп	стакан
43	апельсиновый сок	по вкусу
44	апельсиновый сок свежевыжатый	г
45	апельсиновый уксус	ст. л.
46	апельсиновый экстракт	ч. л.
47	апельсины	г
48	апельсины красные	шт.
49	апельсины крупные	шт.
50	арахис	г
51	арахис жареный	г
52	арахисовая паста	г
53	арахисовое масло	г
54	арахис соленый	г
55	арбузная мякоть	г
56	арбузы	г
57	аргановое масло	г
58	аришта	г
59	ароматизатор	г
60	ароматизатор "ананас"	по вкусу
61	ароматизатор "вишня"	капля
62	ароматизатор "малина"	капля
63	ароматизатор "ром"	г
64	артишоки	г
65	артишоки в масле	г
66	артишоки маринованные	г
67	аспирин	шт.
68	ассорти мясное	г
69	ассорти овощное	г
70	ассорти фруктовое	г
71	ассорти ягодное	г
72	аши	г
73	багет	г
74	багет вчерашний	г
75	багет мини	г
76	бадан	звездочка
77	бадьян	щепотка
78	базилик лимонный	г
79	базилик свежий	г
80	базилик сушеный	г
81	базилик тайский	горсть
82	базилик фиолетовый	г
83	баклажаны	по вкусу
84	баклажаны мини	г
85	баклажаны тайские	г
86	балык	г
87	бальзам	г
88	бальзамический крем	стакан
89	бальзамический соус	ст. л.
90	бальзамический уксус	стакан
91	бальзам рижский черный	ст. л.
92	бамия	г
93	банановое пюре	г
94	банановые чипсы	горсть
95	банановый зеленый сироп	мл
96	банановый ликер	мл
97	бананы	г
98	бананы мини	г
99	барабулька	г
100	бараний ливер	г
101	бараний окорок на косточке	кусок
102	бараний фарш	г
103	баранина	г
104	баранки	г
105	бараньи антрекоты	кг
106	бараньи голяшки	шт.
107	бараньи потроха	кг
108	бараньи ребрышки	шт.
109	баранья лопатка	кг
110	баранья нога	г
111	баранья печень	г
112	барбарис	г
113	барбарис вяленый	ст. л.
114	барбарис молотый	г
115	бастурма	г
116	батат	г
117	батон	г
118	батончики шоколадные	г
119	безе	г
120	бекон	по вкусу
121	бекон варено-копченый	г
122	бекон сырокопченый	г
123	белорыбица	г
124	бирнель	мл
125	бисквик смесь готовая	пакет
126	бисквит	г
127	бисквитная крошка	г
128	бисквитный корж	г
129	бисквитный рулет	г
130	бисквит шоколадный	г
131	бифштекс	шт.
132	блинная мука	г
133	блины готовые	г
134	блины овсяные	шт.
135	бобовые ростки	г
136	бобы	г
137	бобы мунг пророщенные	г
138	бобы тонка	шт.
139	ботарга	г
140	брезаола	г
141	бренди	г
142	брокколи замороженная	г
143	брокколи свежая	г
144	брусника замороженная	г
145	брусника свежая	г
146	брусника сушеная	г
147	брусничное варенье	г
148	брусничный соус	г
149	брынза	по вкусу
150	брынза сербская	г
151	брюква	г
152	буженина	г
153	бузина сироп	ст. л.
154	букет гарни	пучок
155	булгур	г
156	булка	кусок
157	булка белая	г
158	булка сдобная	г
159	булочки	г
160	булочки белые черствые	г
161	булочки бриошь	шт.
162	булочки вчерашние	шт.
163	булочки для гамбургеров	шт.
164	булочки зерновые	шт.
165	булочки ржаные	кусок
166	булочки с кунжутом	шт.
167	бульон	г
168	бульонные кубики	г
169	бурбон	г
170	Буррата	г
171	буряк	г
172	бусинки кондитерские	ч. л.
173	бусинки кондитерские серебряные	по вкусу
174	бычий хвост	г
175	ванилин	г
176	ваниль в стручках	г
177	ванильная настойка	ст. л.
178	ванильная эссенция	г
179	ванильный порошок	г
180	ванильный сироп	г
181	ванильный экстракт	по вкусу
182	варенье	г
183	васаби	г
184	вафельная крошка	г
185	вафельные коржи	г
186	вафельные трубочки	г
187	вафли	г
188	вафли шоколадные	г
189	вермишель	г
190	вермишель яичная	г
191	вермут	г
192	вермут белый	г
193	вермут сухой	г
194	ветчина	г
195	ветчина вареная	г
196	ветчина варено-копченая	кусок
197	ветчина копченая	г
198	ветчина пармская	г
199	ветчина сырокопченая	г
200	вешенки	г
201	винегрет	г
202	винный камень	щепотка
203	винный уксус	г
204	винный уксус белый	г
205	винный уксус красный	ч. л.
206	винный уксус на чесноке	ч. л.
207	винный уксус на эстрагоне	ст. л.
208	вино белое	по вкусу
209	вино белое полусладкое	г
210	вино белое полусухое	г
211	вино белое сладкое	г
212	вино белое столовое	стакан
213	вино белое сухое	г
214	виноград	г
215	виноград без косточек	г
216	виноград белый	г
217	виноград изабелла	кг
218	виноградное желе	ст. л.
219	виноградные листья	г
220	виноградные листья маринованные	г
221	виноградные листья молодые	шт.
222	виноградный сок	г
223	виноградный сок осветленный	ч. л.
224	виноград синий	г
225	виноград черный	г
226	вино десертное	г
227	вино игристое сухое	г
228	вино красное	г
229	вино красное полусладкое	г
230	вино красное полусухое	г
231	вино красное сладкое	г
232	вино красное сухое	г
233	вино крепленое	г
234	вино розовое полусладкое	ст. л.
235	вино розовое полусухое	г
236	виски	г
237	витамин C в порошке	г
238	вишневая настойка	мл
239	вишневое варенье	г
240	вишневые листья	г
241	вишневый джем	г
242	вишневый ликер	по вкусу
243	вишневый сироп	стакан
244	вишневый сок	г
245	вишня	г
246	вишня вяленая	г
247	вишня замороженная	г
248	вишня засахаренная кондитерская	шт.
249	вишня коктейльная	г
250	вишня мараскино	шт.
251	вишня, протертая с сахаром	г
252	вода	г
253	вода минеральная без газа	стакан
254	вода минеральная газированная	г
255	водка	г
256	водка анисовая	ч. л.
257	водоросли	г
258	вустерширский соус	г
259	галангал корень	долька
260	галеты	г
261	гамбургер	г
262	ганаш	г
263	гарам масала	г
264	гарнир	г
265	гаспачо	г
266	гастропаб	
267	гвоздика	г
268	гвоздика молотая	по вкусу
269	герань листья	г
270	геркулес	г
271	глазурь	г
272	глазурь белая	г
273	глазурь готовая	по вкусу
274	глазурь черная	по вкусу
275	глазурь шоколадная белая	г
276	глутамат натрия	г
277	глюкоза	г
278	глюкоза сироп	г
279	говядина	г
280	говядина на кости	г
281	говяжий фарш	по вкусу
282	говяжий язык	г
283	говяжье сердце	по вкусу
284	говяжьи бифштексы	г
285	говяжьи голяшки	г
286	говяжьи легкие	г
287	говяжьи ребра	г
288	говяжьи стейки рибай	г
289	говяжья вырезка	шт.
290	говяжья грудинка	кг
291	говяжья лопатка	г
292	говяжья мозговая кость	шт.
293	говяжья мякоть	кг
294	говяжья печень	шт.
295	говяжья черева	г
296	говяжья шейка	кг
297	годжи	г
298	голец филе	шт.
299	голубика	г
300	голубика замороженная	г
301	голубь	г
302	горбуша	по вкусу
303	горбуша в собственном соку	банка
304	горбуша филе	г
305	горгонзола	г
306	горгонзола пиканте	г
307	горох	г
308	горох колотый	г
309	гороховые ростки	горсть
310	гороховый суп	г
311	горошек зеленый	г
312	горошек зеленый замороженный	г
313	горошек зеленый консервированный	г
314	горошек стручковый свежий	г
315	горчица	г
316	горчица дижонская	г
317	горчица дижонская с медом	г
318	горчица желтая семена	г
319	горчица острая	г
320	горчица русская	ст. л.
321	горчица семена	г
322	горчица с зернами	г
323	горчица сухая	г
324	горчица французская	г
325	горчица цитрусовая	г
326	горчичное масло	г
327	горчичный порошок	г
328	грана падано	ст. л.
329	гранатные зерна	г
330	гранатовая паста	ст. л.
331	гранатовый сироп	г
332	гранатовый сок	г
333	гранатовый сок свежевыжатый	мл
334	гранатовый соус	ч. л.
335	гранаты	г
336	гранита	г
337	гранола с орехами	г
338	граппа	ч. л.
339	гратен	кг
340	грейпфрутовая цедра	г
341	грейпфрутовый сок	г
342	грейпфруты	г
343	грейпфруты розовые	г
344	гренадин	г
345	гренки	г
346	грецкие орехи	г
347	грецкие орехи рубленые	г
348	гречневая крупа	г
349	гречневая крупа зеленая	ст. л.
350	гречневая лапша соба	г
351	гречневая мука	г
352	гречневое молоко	стакан
353	гречневые хлопья	г
354	грибы	г
355	грибы белые	г
356	грибы белые замороженные	г
357	грибы белые маринованные	г
358	грибы белые сухие	г
359	грибы замороженные	г
360	грибы замороженные (опята и маслята)	г
361	грибы лесные	г
362	грибы маринованные	г
363	грибы свежие	г
364	грибы соленые	г
365	грибы соломенные консервированные	шт.
366	грибы сухие	г
367	грибы шиитаке	г
368	грибы шиитаке сухие	г
369	гриль	г
370	гриссини	г
371	грудинка	г
372	грудинка варено-копченая	г
373	грудинка копченая	по вкусу
374	грушевое пюре	г
375	грушевый ликер	мл
376	грушевый сироп	мл
377	грушевый сок	г
378	грушевый уксус	ст. л.
379	груши	по вкусу
380	груши вяленые	г
381	грюйер	г
382	гуава	шт.
383	гуанчиале	г
384	гурьевская каша	г
385	гусиная грудка копченая	г
386	гусиная печень	г
387	гусиный жир	ст. л.
388	гусь	г
389	гусь тушка	кг
390	дайкон	г
391	детское питание	г
392	джем	г
393	джин	г
394	джусай	г
395	диоксид титана	г
396	долма	г
397	дорада	шт.
398	дорада потрошеная с головой	шт.
399	дорада с головой	шт.
400	дорада тушка	шт.
401	драже	г
402	дрожжи домашние	г
403	дрожжи свежие	г
404	дрожжи сухие	по вкусу
405	дубовая кора	г
406	душица	г
407	дыня	г
408	ежевика	г
409	ежевика замороженная	г
410	ерш	г
411	ёрш-носарь	шт.
412	желатин	г
413	желатин листовой	по вкусу
414	желе	г
415	желе для торта	упаковка
416	желирующее вещество	упаковка
417	желирующий сахар	г
418	женьшень	г
419	жидкий дым	г
420	жимолость	г
421	жир	г
422	жир вытопленный	стакан
423	жир кулинарный	г
424	жир растительный	г
425	заатар	щепотка
426	завтрак сухой	г
427	завтрак сухой подушечки	г
428	загуститель для сливок	г
429	зайчатина	г
430	закваска	пакет
431	закваска вечная	г
432	заменитель сахара	по вкусу
433	заменитель сахара стевия	г
434	заправка для салатов готовая	г
435	зверобой	по вкусу
436	зелень	г
437	зелень рубленая	г
438	земляника	по вкусу
439	земляника замороженная	г
440	зефир	г
441	зира	г
442	злаковые хлопья	г
443	зубатка	г
444	зубатка филе	г
445	изолят соевого протеина	г
446	изюм	г
447	изюм без косточек	г
448	изюм белый	г
449	изюм черный	г
450	икра	г
451	икра вяленой рыбы	г
452	икра горбуши зернистая	г
453	икра красная	г
454	икра красной рыбы мелкая	г
455	икра летучей рыбы	г
456	икра лосося	г
457	икра мойвы	г
458	икра палтуса	г
459	икра судака	г
460	икра черная	г
461	имбирное варенье	г
462	имбирное печенье	по вкусу
463	имбирные цукаты	ст. л.
464	имбирь	г
465	имбирь засахаренный	г
466	имбирь корень	г
467	имбирь маринованный	г
468	имбирь молотый	г
469	индейка	г
470	индейка голень	г
471	индейка грудка	г
472	индейка копченая	г
473	индейка тушка	шт.
474	индейка фарш	г
475	индейка филе	г
476	индоутка	шт.
477	индюшачья печень	г
478	инжир	г
479	инжир свежий	г
480	инжир сушеный	г
481	ирга	г
482	ириски	г
483	итальянские травы	г
484	йогурт	г
485	йогурт греческий	г
486	йогурт жирный	г
487	йогурт козий	г
488	йогурт натуральный	г
489	йогурт нежирный	г
490	йогурт обезжиренный	г
491	йогурт фруктовый	г
492	кабачки	г
493	кабачки замороженные	г
494	кабачки молодые	г
495	каджунская смесь специй	ст. л.
496	какао	горсть
497	какао-бобы	г
498	какао-масло	г
499	какао-порошок	по вкусу
500	какао-порошок обезжиренный	г
501	какао сгущенное	банка
502	калина	по вкусу
503	калина протертая	г
504	калинджи семена	ч. л.
505	кальвадос	г
506	кальмары	г
507	кальмары вареные	г
508	кальмары замороженные	г
509	кальмары консервированные	г
510	кальмары филе	шт.
511	камамбер	упаковка
512	камбала	г
513	камбала филе	г
514	кампари	мл
515	кандурин золотой	ч. л.
516	каннеллони	г
517	капеллини	г
518	каперсы	г
519	каперсы в винном уксусе	г
520	каперсы маринованные	г
521	капуста белокочанная	г
522	капуста брюссельская	г
523	капуста брюссельская замороженная	г
524	капуста кале	г
525	капуста квашеная	по вкусу
526	капуста кольраби	г
527	капуста краснокочанная	г
528	капуста морская	по вкусу
529	капуста морская замороженная	г
530	капуста морская сушеная	г
531	капуста пекинская	г
532	капуста савойская	г
533	капуста цветная	г
534	капуста цветная замороженная	г
535	капустный рассол	г
536	капучино	г
537	каракатица	г
538	каракатица очищенная	г
539	карамбола	г
540	карамель	мл
541	карамельный соус	г
542	карамель с начинкой	г
543	карамель соленая	г
544	карась	г
545	карбонад	г
546	кардамон	г
547	кардамон зерна	ч. л.
548	кардамон молотый	г
549	кардамон стручки	шт.
550	каркаде	г
551	карп	г
552	карп зеркальный	кг
553	карп филе	кг
554	карри	г
555	карри листья	г
556	карри паста	пакет
557	картофель	г
558	картофель вареный	г
559	картофель вареный в мундире	г
560	картофель молодой	г
561	картофельное пюре	по вкусу
562	картофельные ньокки	г
563	картофельные хлопья	г
564	картофельные чипсы	г
565	картофельный крахмал	г
566	картофельный отвар	г
567	картофельный хэш замороженный	г
568	картофель печеный	г
569	катык	г
570	каффир-лайм листья	по вкусу
571	каша	г
572	каша для детского питания	г
573	каштановая мука	г
574	каштановый крем	г
575	каштаны	г
576	каштаны вареные	г
577	каштаны консервированные	г
578	каштаны очищенные	г
579	квас	г
580	квасное сусло	г
581	квасной концентрат сухой	упаковка
582	квас хлебный	г
583	кедровая мука	г
584	кедровые орехи	г
585	кедровые орехи жареные	г
586	кета	г
587	кетчуп острый	по вкусу
588	кетчуп томатный	г
589	кетчуп тосканский	ст. л.
590	кетчуп шашлычный	г
591	кефаль	г
592	кефир	по вкусу
593	кефир 1%	г
594	кефир 2,5%	г
595	кефир 3,2%	г
596	кефир обезжиренный	г
597	кешью	г
598	кивано	г
599	киви	кг
600	киви желе	г
601	кижуч	г
602	кижуч горячего копчения филе	г
603	кизил	г
604	килька	г
605	кимчи	г
606	кинза свежая	зубчик
607	кинза сушеная	г
608	киноа	г
609	киноа молотая	г
610	кипяток	г
611	кирш	ст. л.
612	кисель	г
613	кисель сухой	г
614	кисломолочный напиток Тан	мл
615	кишки	г
616	клейковина	г
617	клементины	г
618	кленовый сироп	г
619	клубника	г
620	клубника в сиропе	г
621	клубника замороженная	г
622	клубника, протертая с сахаром	г
623	клубника сушеная	г
624	клубничное варенье	г
625	клубничное желе	упаковка
626	клубничное пюре	г
627	клубничный джем	г
628	клубничный джем густой	мл
629	клубничный компот	стакан
630	клубничный ликер	г
631	клубничный сироп	г
632	клюква	г
633	клюква вяленая	г
634	клюква замороженная	г
635	клюква, протертая с сахаром	г
636	клюквенное варенье	г
637	клюквенный джем	г
638	клюквенный морс	ст. л.
639	клюквенный сироп	г
640	клюквенный соус	г
641	козлиная печень	г
642	козлятина молодая	кг
643	кока-кола	ст. л.
644	кокосовая вода	стакан
645	кокосовая мука	ст. л.
646	кокосовая стружка	г
647	кокосовая стружка цветная	г
648	кокосовое масло	мл
649	кокосовое молоко	г
650	кокосовые сливки	г
651	кокосовый ликер	ст. л.
652	кокосовый экстракт	г
653	кокосы	г
654	кола	г
655	колбаса	г
656	колбаса вареная	г
657	колбаса варено-копченая	г
658	колбаса копченая	г
659	колбаса кровяная	г
660	колбаса полукопченая	г
661	колбаса сырокопченая	г
662	колбаска свиная свежая (salsiccia)	шт.
663	колбаски	г
664	колбаски для жарки	г
665	колбаски домашние	шт.
666	колбаски охотничьи	г
667	колбаски сырокопченые	шт.
668	компот	г
669	конопляное масло	ст. л.
670	конопля семена	г
671	конфеты	по вкусу
672	конфеты M&M’s	г
673	конфеты жевательные лакричные	г
674	конфеты Коровка	г
675	конфеты Трюфель	г
676	конфитюр	по вкусу
677	конфитюрка	упаковка
678	коньяк	г
679	копчености	г
680	коренья	по вкусу
681	кориандр	г
682	кориандр зелень	г
683	кориандр молотый	г
684	кориандр семена	г
685	коринка	ст. л.
686	корица	г
687	корица молотая	г
688	корнишоны	г
689	корнишоны маринованые	г
690	корюшка	г
691	корюшка горячего копчения	г
692	кости	г
693	кости мозговые	г
694	кость сахарная	г
695	кофе в зернах	стакан
696	кофе зеленый	г
697	кофейные зерна в шоколаде	г
698	кофейный ликер	г
699	кофейный ликер Kahlua	мл
700	кофейный напиток	мл
701	кофейный сироп	г
702	кофейный экстракт	мл
703	кофе молотый	ст. л.
704	кофе растворимый	г
705	кофе свежесваренный	г
706	кофе черный	г
707	кофе эспрессо	стакан
708	крабовое мясо	г
709	крабовые палочки	по вкусу
710	краб снежный	по вкусу
711	крабы	г
712	крапива	г
713	краситель-гель пищевой	шт.
714	краситель пищевой	г
715	краситель пищевой вишневый	щепотка
716	краситель пищевой желтый	г
717	краситель пищевой зеленый	ст. л.
718	краситель пищевой красный	г
719	краситель пищевой оранжевый	г
720	краситель пищевой фиолетовый	г
721	краситель пищевой черный	г
722	красная смородина	г
723	красная смородина, протертая с сахаром	ст. л.
724	красноперка	шт.
725	красносмородиновое варенье	г
726	красный винный соус	г
727	крахмал	г
728	креветки	г
729	креветки замороженные	г
730	креветки королевские	г
731	креветки очищенные	г
732	креветки очищенные в рассоле	г
733	креветки салатные	г
734	креветки сушеные	г
735	креветки тигровые	г
736	крекер	г
737	крекер соленый	г
738	крем заварной	г
739	крем заварной порошковый	г
740	крем-фреш	г
741	кресс-салат	г
742	кровь	мл
743	кролик	г
744	кролик тушка	г
745	кролик филе	г
746	кроличья печень	г
747	круассаны	по вкусу
748	крутоны мелкие	г
749	крыжовник	г
750	крыжовниковое варенье	банка
751	кукуруза	г
752	кукуруза замороженная	г
753	кукуруза консервированная	г
754	кукуруза обжаренная кикос	г
755	кукурузная крупа	г
756	кукурузная мука	г
757	кукурузное масло	г
758	кукурузные лепешки	шт.
759	кукурузные палочки	г
760	кукурузные хлопья	г
761	кукурузные хлопья глазированные	г
762	кукурузные чипсы	г
763	кукурузный (золотой) сироп	г
764	кукурузный крахмал	по вкусу
765	кумин	г
766	кумкваты	горсть
767	кунжут	г
768	кунжутная мука	г
769	кунжутная паста	г
770	кунжутное масло	г
771	кунжутные семечки	по вкусу
772	кунжут черный	ч. л.
773	купаты	шт.
774	курага	по вкусу
775	курдючное сало	г
776	курдючный жир	г
777	куриная ветчина	г
778	куриная кожа	г
779	куриная печень	г
780	куриное карпаччо	г
781	куриное филе	г
782	куриные бедра	г
783	куриные голени	г
784	куриные голени копченые	шт.
785	куриные грудки	г
786	куриные грудки вареные	г
787	куриные грудки копченые	г
788	куриные желудочки	шт.
789	куриные кости	г
790	куриные крылья	г
791	куриные окорочка	г
792	куриные окорочка копченые	г
793	куриные потрошки	г
794	куриные сердечки	г
795	куриный бульон	г
796	куриный паштет	г
797	куриный суповой набор	кг
798	куриный фарш	г
799	курица	г
800	курица вареная	г
801	курица для жарки	кг
802	курица копченая	г
803	курица тушка	г
804	куркума	г
805	куропатки	г
806	кускус	г
807	кускус жемчужный	стакан
808	кэроб	г
809	лаванда	г
810	лаванда сушеная	щепотка
811	лавандовый краситель	ч. л.
812	лаваш	по вкусу
813	лаваш армянский	г
814	лаваш персидский круглый	г
815	лаваш тонкий	пласт
816	лавровые листья свежие	шт.
817	лавровый лист	г
818	лайм	г
819	лайм листья	шт.
820	лаймовая цедра	г
821	лаймовый сок	г
822	лангустины	шт.
823	лапша	г
824	лапша для лагмана	упаковка
825	лапша ширатаки	г
826	лапша яичная в гнездах	шт.
827	латук	г
828	легкие	г
829	лед	г
830	леди-фиш тушка	шт.
831	лемонграсс (лимонное сорго)	г
832	лен семена	г
833	лепешки	г
834	лепешки арабские	шт.
835	лесные орехи	г
836	лечо	г
837	ливер	г
838	ликер	г
839	ликер Alchermes	г
840	ликер Amaretto	г
841	ликер Baileys	г
842	ликер Cointreau	г
843	ликер кремовый	г
844	ликер сливочный	г
845	лимонад	г
846	лимонная кислота	г
847	лимонная цедра	г
848	лимонник стебель	г
849	лимонник ягоды	г
850	лимонные корочки засахаренные	г
851	лимонные цукаты	г
852	лимонный сок	г
853	лимонный уксус	г
854	лимонный экстракт	г
855	лимончелло	г
856	лимоны	г
857	лимоны сушеные	
858	лингвине	шт.
859	лисички	г
860	лисички сушеные	г
861	личи	шт.
862	личи компот	г
863	лобстер	г
864	лонган	г
865	лонгконг	шт.
866	лососевые молоки	г
867	лососевый фарш	г
868	лосось	г
869	лосось горячего копчения	г
870	лосось копченый	г
871	лосось свежесоленый	г
872	лосось свежий	г
873	лосось свежий филе	г
874	лосось слабосоленый	г
875	лосось стейки	г
876	лосось филе	г
877	лосось филе на коже	г
878	лосось холодного копчения	г
879	лосятина	кг
880	лук белый	по вкусу
881	лук зеленый	г
882	лук красный	по вкусу
883	лук маринованный	г
884	луковая шелуха	г
885	луковый порошок	г
886	лук-порей	горсть
887	лук-резанец	по вкусу
888	лук репчатый	г
889	лук репчатый мелкий	г
890	лук салатный	шт.
891	лук сушеный	г
892	лук-шалот	г
893	лук-шалот красный	шт.
894	льняная мука	г
895	льняное масло	ч. л.
896	льняное семя	г
897	льняное семя молотое	г
898	любисток	г
899	маасдам	г
900	мадера	г
901	майонез	г
902	майонез домашний	г
903	майонез легкий	г
904	майонезный соус «Слобода» Постный	г
905	майонез оливковый	г
906	майонез «Слобода» Легкий	г
907	майонез «Слобода» На перепелиных яйцах	г
908	майонез «Слобода» Оливковый	г
909	майонез «Слобода» Провансаль	г
910	майонез «Слобода» С лимонным соком	г
911	майонез «Слобода» Сметанный	г
912	майоран	г
913	майоран свежий	по вкусу
914	майоран сушеный	г
915	мак	г
916	макаронные изделия	г
917	макаронные изделия мелкие	г
918	макароны	г
919	макароны-бабочки (farfalle)	г
920	макароны-бабочки (farfalle) мини	г
921	макароны баветте	г
922	макароны-бантики	г
923	макароны букатини	г
924	макароны джильи	г
925	макароны диталони	г
926	макароны-звездочки	стакан
927	макароны орзо	г
928	макароны-ракушки (conchiglie)	г
929	макароны-ракушки (conchiglie rigate)	г
930	макароны-ракушки крупные	г
931	макароны рисони	г
932	макароны-рожки (pipe rigate)	г
933	макароны-спиральки (fusilli)	г
934	макароны-ушки (orecchiette)	г
935	маккерончини	г
936	мак молотый	г
937	маковая масса	пачка
938	малина	г
939	малина замороженная	г
940	малина, протертая с сахаром	стакан
941	малина сушеная	г
942	малиновое варенье	г
943	малиновое желе	г
944	малиновое пюре	г
945	малиновый джем	г
946	малиновый крем	г
947	малиновый сироп	ч. л.
948	малиновый соус	ч. л.
949	малиновый уксус	мл
950	малиновый чай	г
951	манго	по вкусу
952	манговый сироп	мл
953	манго консервированное	г
954	мангольд	г
955	мангустин	шт.
956	мандариновое пюре	г
957	мандариновые цукаты	г
958	мандариновый сок	г
959	мандарины	по вкусу
960	мандарины в собственном соку	г
961	манная крупа	г
962	маракуйя	г
963	маргарин	г
964	маргарин сливочный	г
965	мармелад	по вкусу
966	мармелад бутербродный	г
967	марсала	стакан
968	мартини	г
969	мартини красный	г
970	марципан	по вкусу
971	марципан зеленый	г
972	марципан розовый	г
973	маршмеллоу	г
974	маршмеллоу крем	г
975	маршмеллоу мини	г
976	маскарпоне	г
977	маслины	г
978	маслины без косточек	г
979	масло авокадо	г
980	масло виноградных косточек	г
981	масло грецкого ореха	ч. л.
982	масло для фритюра	г
983	масло кедрового ореха	г
984	маслята	г
985	мастика	г
986	мастика желатиновая	г
987	мастика шоколадная	г
988	матча	г
989	мафальдине	г
990	маца	г
991	мацони	г
992	маш	г
993	мед	г
994	мед акации	г
995	мед гречишный	г
996	мед жидкий	г
997	мед лавандовый	г
998	мелисса	г
999	меренги	шт.
1000	мидии	г
1001	мидии в раковинах	г
1002	мидии в раковинах крупные черные	г
1003	мидии в раковинах мелкие зеленые	г
1004	мидии замороженные	шт.
1005	мидии копченые в масле	г
1006	микрозелень	горсть
1007	миндаль	г
1008	миндаль жареный	г
1122	облепиха	г
1009	миндаль измельченный	г
1010	миндальная масса	г
1011	миндальная мука	г
1012	миндальная паста	г
1013	миндальная эссенция	г
1014	миндальное масло	г
1015	миндальное молоко	г
1016	миндальное печенье	г
1017	миндальное пралине	г
1018	миндальные лепестки	г
1019	миндальный ликер	г
1020	миндальный сироп	г
1021	миндальный экстракт	капля
1022	миндаль очищенный	г
1023	миндаль рубленый	г
1024	мини-кукуруза	шт.
1025	минога	г
1026	минтай	г
1027	минтай печень	г
1028	минтай филе	г
1029	мисо-паста	г
1030	мисо-суп	пакет
1031	можжевельник ягоды	г
1032	мойва	г
1033	моллюски	г
1034	молоко	г
1035	молоко 0,5%	г
1036	молоко 1,5%	г
1037	молоко 2,5%	г
1038	молоко 3,2%	г
1039	молоко 3,6%	г
1040	молоко 4%	г
1041	молоко 6%	г
1042	молоко козье	г
1043	молоко концентрированное	г
1044	молоко рисовое	мл
1045	молоко сгущенное	г
1046	молоко сгущенное вареное	ст. л.
1047	молоко сгущенное с какао	г
1048	молоко сухое	г
1049	молоко сухое обезжиренное	ст. л.
1050	молоко топленое	г
1051	молочная смесь	г
1052	молочные продукты	г
1053	морепродукты	шт.
1054	морковное пюре	г
1055	морковь	г
1056	морковь вареная	г
1057	морковь крупная	г
1058	морковь молодая	г
1059	морковь по-корейски	г
1060	морковь тертая	шт.
1061	мороженое	по вкусу
1062	мороженое ванильное	г
1063	мороженое клубничное	г
1064	мороженое лимонное	по вкусу
1065	мороженое малиновое	г
1066	мороженое пломбир	г
1067	мороженое шоколадное	мл
1068	морошка	г
1069	морские гребешки	кг
1070	морской коктейль	г
1071	морской коктейль в масле	упаковка
1072	морской коктейль замороженный	г
1073	морской черт	г
1074	морской язык	г
1075	морской язык филе	г
1076	мортаделла	г
1077	моцарелла	г
1078	моцарелла для запекания	г
1079	моцарелла для пиццы	г
1080	моцарелла мини	г
1081	моцарелла с травами	г
1082	моцарелла шарик большой	г
1083	мука	г
1084	мука 1 сорт	г
1085	мука 2 сорт	г
1086	мука «Аладушкин»	г
1087	мука грубого помола	г
1088	мука для темпуры	г
1089	мука из пророщенной пшеницы	ст. л.
1090	мука манитоба	г
1091	мука самоподнимающаяся	г
1092	мука с отрубями	ч. л.
1093	мука с семечками	г
1094	мука хлебопекарная	г
1095	мука цельнозерновая	г
1096	мускат белый	мл
1097	мускатное вино	г
1098	мускатный орех	г
1099	мускатный орех молотый	г
1100	мюсли	г
1101	мягкий творог	г
1102	мясной бульон	г
1103	мясной фарш	г
1104	мясо	г
1105	мясо дикого кабана	г
1106	мясо криля	г
1107	мясо на косточке	кг
1108	мята	г
1109	мята сушеная	г
1110	мятный сироп	г
1111	мятный шнапс	г
1112	нардек	г
1113	нектарины	шт.
1114	нога ягненка без кости	г
1115	нори	г
1116	нуга	г
1117	нуга с орехами	г
1118	нут	г
1119	нутелла	г
1120	нут консервированный	г
1121	нутовая мука	г
1123	облепиха замороженная	г
1124	облепиховый сироп	стакан
1125	овощи	г
1126	овощная смесь	г
1127	овощная смесь замороженная	г
1128	овощная смесь замороженная для wok	г
1129	овощная смесь по-китайски	г
1130	овощной бульон	по вкусу
1131	овсяная мука	г
1132	овсяное молоко	стакан
1133	овсяное печенье	г
1134	овсяное толокно	г
1135	овсяные зерна	г
1136	овсяные отруби	г
1137	овсяные хлопья	г
1138	овсяные хлопья быстрого приготовления	г
1139	огуречный рассол	стакан
1140	огурцы	г
1141	огурцы консервированные	шт.
1142	огурцы малосольные	шт.
1143	огурцы маринованные	банка
1144	огурцы свежие	г
1145	огурцы соленые	г
1146	одуванчики	г
1147	окорок	г
1148	окорок варено-копченый	г
1149	окунь	г
1150	окунь красный филе	г
1151	окунь морской	г
1152	окунь морской филе	г
1153	окунь филе	г
1154	оленина	г
1155	оливки	г
1156	оливки без косточек	г
1157	оливки зеленые	по вкусу
1158	оливки зеленые консервированные	банка
1159	оливки каламата	г
1160	оливки консервированные	г
1161	оливки, фаршированные анчоусами	г
1162	оливки черные	по вкусу
1163	оливковая паста	г
1164	оливковое масло	г
1165	оливковое масло Extra Virgin	г
1166	опунция плоды	г
1167	опята	по вкусу
1168	опята замороженные	г
1169	опята маринованные	г
1170	орегано	г
1171	орегано свежий	г
1172	орегано сушеный	г
1173	орехи	г
1174	орехи бразильские	г
1175	орехи макадамия	г
1176	орехи пекан	г
1177	орехи пекан засахаренные	
1178	орехи пинии	г
1179	ореховая крошка	стакан
1180	ореховая паста	шт.
1181	ореховое масло	ст. л.
1182	ореховый ликер	мл
1183	ореховый соус	ст. л.
1184	осетр	г
1185	осетрина холодного копчения	г
1186	осьминог	г
1187	осьминоги консервированные	г
1188	осьминоги мини	г
1189	отруби	г
1190	ошеек	г
1191	пагр	г
1192	пажитник	г
1193	пажитник семена	г
1194	палтус	г
1195	пальмовое масло	г
1196	пангасиус	г
1197	панеттоне	шт.
1198	Панифарин	г
1199	панчетта	г
1200	папайя	г
1201	папайя консервированная в собственном соку	г
1202	папоротник	г
1203	папоротник соленый	упаковка
1204	паппарделле	г
1205	паприка	г
1206	паприка копченая	ст. л.
1207	паприка красная	ст. л.
1208	паприка красная молотая	г
1209	паприка острая копченая	г
1210	паприка сладкая	г
1211	паприка сладкая копченая	г
1212	паприка сладкая хлопьями	ч. л.
1213	пармезан	г
1214	паста	г
1215	паста веджимайт	г
1216	паста тахини	г
1217	паста хариса	ст. л.
1218	пастернак	г
1219	пастила	г
1220	пастила виноградная	г
1221	патиссоны	г
1222	патока	г
1223	патока крахмальная	г
1224	патока черная (меласса)	г
1225	пахта	г
1226	паштет	г
1227	пекарский порошок	г
1228	пекарский порошок	ч. л.
1229	пекорино	г
1230	пектин	г
1231	пеленгас	г
1232	пельмени	г
1233	пенне	г
1234	пенне ригате	г
1235	пеперончино	ч. л.
1236	пеперончино молотый	щепотка
1237	переводной лист для шоколада	шт.
1238	перепелки	тушка
1239	перец	г
1240	перец белый	г
1241	перец белый горошком	по вкусу
1242	перец белый молотый	г
1243	перец белый свежемолотый	ч. л.
1244	перец болгарский	г
1245	перец болгарский желтый	г
1246	перец болгарский зеленый	г
1247	перец болгарский красный	г
1248	перец горошком	г
1249	перец горошком смесь	г
1250	перец душистый	щепотка
1251	перец душистый горошком	г
1252	перец душистый молотый	г
1253	перец испанский острый	шт.
1254	перец кайенский	г
1255	перец кайенский красный	г
1256	перец кайенский молотый	щепотка
1257	перец красный	г
1258	перец красный горошком	г
1259	перец красный жгучий	г
1260	перец красный молотый	г
1261	перец красный острый	г
1262	перец красный острый молотый	по вкусу
1263	перец красный хлопьями	щепотка
1264	перец лимонный	г
1265	перец маринованный	г
1266	перец острый	г
1267	перец острый зеленый	шт.
1268	перец острый молотый	щепотка
1269	перец падрон	г
1270	перец пеперони	г
1271	перец пеперони красный	шт.
1272	перец розовый горошком	г
1273	перец свежемолотый смесь	г
1274	перец сенегальский	по вкусу
1275	перец сладкий	г
1276	перец сладкий желтый	г
1277	перец сладкий зеленый	г
1278	перец сладкий красный	г
1279	перец сладкий красный маринованный	шт.
1280	перец сладкий красный молотый	г
1281	перец сладкий оранжевый	г
1282	перец сладкий сушеный	г
1283	перец сычуаньский	г
1284	перец халапеньо	г
1285	перец халапеньо маринованный	шт.
1286	перец черный	ст. л.
1287	перец черный горошком	по вкусу
1288	перец черный молотый	г
1289	перец черный свежемолотый	г
1290	перец чили	г
1291	перец чили зеленый	стручок
1292	перец чили красный	стручок
1293	перец чили маринованный	по вкусу
1294	перец чили молотый	г
1295	перец чили сухой	ст. л.
1296	перец чили хлопьями	по вкусу
1297	перец ямайский	г
1298	перловая крупа	г
1299	перловая мука	г
1300	персики	г
1301	персики консервированные	г
1302	персики сушеные	горсть
1303	персиковое пюре	г
1304	персиковый джем	г
1305	персиковый мармелад	ст. л.
1306	персиковый сироп	мл
1307	персиковый сок	г
1308	перцовая паста	ч. л.
1309	петрушка	г
1310	петрушка зелень	г
1311	петрушка итальянская	пучок
1312	петрушка корень	г
1313	петрушка рубленая	г
1314	петрушка сушеная	г
1315	печень	г
1316	печенье	по вкусу
1317	печенье Oreo	г
1318	печенье Амаретти	г
1319	печенье бисквитное	г
1320	печенье галетное	шт.
1321	печенье «Дамские пальчики»	г
1322	печенье песочное	г
1323	печенье рассыпчатое	г
1324	печенье Савоярди	г
1325	печенье сахарное	г
1326	печенье сладкое	г
1327	печенье сухое	г
1328	печенье шоколадное	г
1329	печенье Юбилейное молочное	г
1330	пиво	г
1331	пиво имбирное	мл
1332	пиво нефильтрованное	г
1333	пиво светлое	г
1334	пиво темное	банка
1335	пикша	шт.
1336	питы	по вкусу
1337	повидло	г
1338	подсолнечное масло	г
1339	подсолнечные семечки	г
1340	полба	г
1341	полба недозрелая	г
1342	полента	по вкусу
1343	полента быстрого приготовления	стакан
1344	помело	г
1345	помидоры	г
1346	помидоры бурые	г
1347	помидоры вяленые	по вкусу
1348	помидоры вяленые в масле	г
1349	помидоры желтые	шт.
1350	помидоры зеленые	кг
1351	помидоры консервированные	г
1352	помидоры консервированные в собственном соку	г
1353	помидоры консервированные в собственном соку с базиликом	г
1354	помидоры протертые пассата	г
1355	помидоры соленые	шт.
1356	помидоры сушеные хлопьями	г
1357	помидоры черри	г
1358	помидоры черри желтые	г
1359	попкорн	г
1360	поросенок	кг
1361	портвейн	г
1362	портобелло	г
1363	портулак	г
1364	посыпка кондитерская	по вкусу
1365	почки	г
1366	приправа 4 перца	г
1367	приправа 5 специй (five spice)	ч. л.
1368	приправа для баранины	ст. л.
1369	приправа для картофеля	г
1370	приправа для курицы	г
1371	приправа для макарон	по вкусу
1372	приправа для маринования свинины	по вкусу
1373	приправа для морепродуктов	по вкусу
1374	приправа для мяса	г
1375	приправа для паэльи	по вкусу
1376	приправа для пиццы	ч. л.
1377	приправа для плова	г
1378	приправа для птицы	ст. л.
1379	приправа для рыбы	г
1380	приправа для салатов	по вкусу
1381	приправа заатар	ч. л.
1382	приправа креольская	ст. л.
1383	приправа с сушеными грибами	ч. л.
1384	приправы	г
1385	прованские травы	г
1386	проволоне	г
1387	просекко	мл
1388	простокваша	г
1389	протеин сывороточный	г
1390	прошутто	г
1391	пряники	г
1392	пряничные специи	г
1393	пряности	г
1394	псиллиум	г
1395	птитим	г
1396	пудинг	г
1397	пудинг ванильный	г
1398	пудинг ванильный инстант	упаковка
1399	пудинг карамельный	г
1400	пшеница	г
1401	пшеничная крупа	г
1402	пшеничная мука	г
1403	пшеничная мука цельнозерновая	г
1404	пшеничные зародыши	стакан
1405	пшеничные отруби	г
1406	пшеничные ростки	г
1407	пшеничные хлопья	г
1408	пшенные хлопья	ст. л.
1409	пшено	г
1410	пыльца цветочная	г
1411	пюре	по вкусу
1412	радиккио	шт.
1413	разрыхлитель	г
1414	раки	шт.
1415	раковые шейки	г
1416	раковые шейки в рассоле	г
1417	рамбутан	г
1418	рапаны	г
1419	рапсовое масло	по вкусу
1420	рассол	г
1421	рассол от каперсов	ст. л.
1422	рассол от оливок	ст. л.
1423	растительное масло	г
1424	растительное масло для жарки	г
1425	растительное масло нерафинированное	стакан
1426	растительное масло рафинированное	г
1427	растительное молоко	стакан
1428	ревень	г
1429	реган	веточка
1430	редис	г
1431	редька	г
1432	редька белая	шт.
1433	редька зеленая	шт.
1434	редька черная	шт.
1435	репа	г
1436	репа белая	шт.
1437	ржаная закваска	г
1438	ржаная закваска густая	г
1439	ржаная мука	г
1440	ржаные отруби	г
1441	ригатони	г
1442	рикотта	г
1443	рикотта твердая	г
1444	рис	г
1445	рис арборио	г
1446	рис басмати	г
1447	рис бурый	г
1448	рис бурый и дикий смесь	г
1449	рис вареный	г
1450	рис виола	г
1451	рис девзира	г
1452	рис дикий	г
1453	рис дикий и золотистый смесь	г
1454	рис длиннозерный	г
1455	рис длиннозерный золотистый	г
1456	рис для плова	г
1457	рис для пудинга	г
1458	рис для ризотто	г
1459	рис для суши	г
1460	рис жасминовый	г
1461	рис золотистый	г
1462	рис индика	г
1463	рис италика	г
1464	рис карнароли	г
1465	рис красный	г
1466	рис круглозерный	г
1467	рис кубанский	г
1468	рисовая бумага	г
1469	рисовая лапша	г
1470	рисовая мука	г
1471	рисовое вино	ч. л.
1472	рисовые хлопья	г
1473	рисовые шарики воздушные	г
1474	рисовый крахмал	ст. л.
1475	рисовый уксус	по вкусу
1476	рис пропаренный	г
1477	рис пропаренный и дикий смесь	г
1478	рис японика	г
1479	рожь	г
1480	розмарин	шт.
1481	розмарин сушеный	по вкусу
1482	розовая вода	г
1483	розовые бутоны сушеные	г
1484	розовые лепестки	г
1485	розы	г
1486	рокфор	г
1487	ром	бутылка
1488	ромашка сушеная	г
1489	ромовый экстракт	ч. л.
1490	ром темный	г
1491	ростбиф	г
1492	рукола	г
1493	рулька	по вкусу
1494	рыба	г
1495	рыба белая	г
1496	рыба белая филе	г
1497	рыба консервированная	банка
1498	рыба копченая	г
1499	рыба копченая филе	г
1500	рыба красная	г
1501	рыба красная соленая	г
1502	рыба красная филе	г
1503	рыба-меч	г
1504	рыба морская	г
1505	рыба солнечник филе	шт.
1506	рыба-соль	тушка
1507	рыбное филе	г
1508	рыбные консервы	г
1509	рыбные кости	г
1510	рыбные обрезки, головы, плавники	по вкусу
1511	рыбный бульон	г
1512	рыбный соус	г
1513	рыбный соус Nam Pla	г
1514	рыбный соус тайский	г
1515	рыбный фарш	г
1516	рябина черноплодная	г
1517	рябчик	г
1518	ряженка	г
1519	ряженка 4%	г
1520	сайда	г
1521	сайда филе	г
1522	сайра	г
1523	сайра консервированная	банка
1524	саке	ст. л.
1525	салака	г
1526	салат	г
1527	салат айсберг	г
1528	салат китайский	г
1529	салат корн	пучок
1530	салат кочанный	г
1531	салат кучерявый	г
1532	салат листовой	г
1533	салатный микс	г
1534	салат романо	г
1535	салат фриссе	г
1536	сало	г
1537	сало копченое в перце	г
1538	сало копченое с мясными прослойками	г
1539	сало с мясными прослойками	г
1540	сальник	г
1541	сальса	г
1542	сальса верде	ч. л.
1543	салями	г
1544	салями итальянская	г
1545	сардельки	г
1546	сардельки копченые	г
1547	сардинки маленькие	шт.
1548	сардины	г
1549	сардины в масле	банка
1550	сахар	г
1551	сахар ванильный	г
1552	сахар демерара	г
1553	сахар жемчужный	г
1554	сахар коричневый	г
1555	сахар коричневый крупнокристаллический	г
1556	сахар мусковадо	горсть
1557	сахарная пудра	г
1558	сахарная пудра апельсиновая	г
1559	сахарная пудра ванильная	г
1560	сахарные жемчужинки	г
1561	сахарные кондитерские украшения	горсть
1562	сахарный песок	г
1563	сахарный песок крупный	г
1564	сахарный песок мелкий	г
1565	сахарный сироп	г
1566	сахар пальмовый	г
1567	сахар-рафинад	г
1568	сахар-рафинад с корицей	г
1569	сахар тростниковый	г
1570	сванская соль	г
1571	свекла	г
1572	свекла вареная	г
1573	свекольная ботва	г
1574	свекольные листья	г
1575	свиная вырезка	г
1576	свиная голова	г
1577	свиная грудинка	г
1578	свиная корейка	г
1579	свиная корейка копченая	г
1580	свиная корейка на кости	г
1581	свиная лопатка варено-копченая	г
1582	свиная мякоть	г
1583	свиная пашина	кг
1584	свиная печень	г
1585	свиная рулька	по вкусу
1586	свиная рулька варено-копченая	г
1587	свиная рулька копченая	г
1588	свиная шейка	кусок
1589	свинина	г
1590	свинина вареная	г
1591	свинина нежирная	г
1592	свинина с жирком	г
1593	свиное сердце	г
1594	свиное филе	г
1595	свиной подчеревок	г
1596	свиной фарш	г
1597	свиной язык	г
1598	свиные котлеты на косточке	шт.
1599	свиные легкие	г
1600	свиные ножки	г
1601	свиные отбивные	г
1602	свиные отбивные на косточке	г
1603	свиные ребра	г
1604	свиные уши	шт.
1605	свиные щечки	шт.
1606	свити	г
1607	сельдерей	г
1608	сельдерей зелень	г
1609	сельдерей корень	г
1610	сельдерей корень сушеный	по вкусу
1611	сельдерейная соль	г
1612	сельдерей семена	ч. л.
1613	сельдерей стебли	г
1614	сельдь	г
1615	сельдь слабосоленая	г
1616	сельдь соленая	шт.
1617	сельдь филе	г
1618	семга	г
1619	семга копченая	г
1620	семга свежая	г
1621	семга соленая	г
1622	семга филе на коже	г
1623	семечки	г
1624	семечки смесь	ст. л.
1625	семолина	г
1626	сервелат варено-копченый	г
1627	сибас	г
1628	сидр	г
1629	сироп	г
1630	сироп от консервированных груш	г
1631	сироп от консервированных персиков	ст. л.
1632	сироп топинамбура	стакан
1633	скумбрия	по вкусу
1634	скумбрия свежая	г
1635	скумбрия филе	г
1636	скумбрия холодного копчения	г
1637	сливки	упаковка
1638	сливки 10-20%	г
1639	сливки 15%	г
1640	сливки 20%	г
1641	сливки 33-35%	г
1642	сливки жирные	г
1643	сливки кондитерские	г
1644	сливовая паста	г
1645	сливовое варенье	г
1646	сливовое вино	г
1647	сливовый джем	г
1648	сливовый ликер	ст. л.
1649	сливовый соус	г
1650	сливочное масло	г
1651	сливы	кг
1652	сливы замороженные	г
1653	смалец	г
1654	смесь для кекса	шт.
1655	смесь для оладий	г
1656	смесь для хлеба 8 злаков	г
1657	сметана	г
1658	сметана 10%	г
1659	сметана 15%	ч. л.
1660	сметана 18%	г
1661	сметана 20%	г
1662	сметана 25%	г
1663	сметана 30%	г
1664	сметана 35%	г
1665	сметана жирная	г
1666	сметана нежирная	г
1667	сметана некислая	г
1668	смородина сушеная	г
1669	смородиновые листья	г
1670	сморчки сухие	г
1671	снежок	л
1672	сныть	г
1673	сода	г
1674	соевая мука	г
1675	соевое масло	г
1676	соевое молоко	г
1677	соевые ростки	г
1678	соевый соус	г
1679	сок	г
1680	сок из красных апельсинов	мл
1681	сок мультивитаминный	мл
1682	сок юзу	мл
1683	солод	ч. л.
1684	солод жидкий	г
1685	солодовый экстракт	г
1686	солод темный	г
1687	соломка	г
1688	соль	г
1689	соль гималайская	г
1690	соль крупного помола	г
1691	соль морская	г
1692	сом филе	г
1693	сосиски	г
1694	сосиски из куриного фарша	шт.
1695	сосиски копченые	г
1696	соус	г
1697	соус black bean	ст. л.
1698	соус sambal oelek	ч. л.
1699	соус барбекю	г
1700	соус краснодарский	г
1701	соус красный острый	г
1702	соус мирин	по вкусу
1703	соус наршараб	г
1704	соус острый	г
1705	соус песто	по вкусу
1706	соус сацебели	г
1707	соус табаско	капля
1708	соус терияки	г
1709	соус ткемали	стакан
1710	соус ткемали благородный	г
1711	соус ткемали ранний	ст. л.
1712	соус устричный	ч. л.
1713	соус чили	г
1714	соус чили сладкий	ч. л.
1715	соус экзотический	г
1716	соя	г
1717	спагетти	г
1718	спагетти № 3	г
1719	спагетти № 5	г
1720	спагетти лунги	г
1721	спаржа	кг
1722	спаржа белая	г
1723	спаржа зеленая	г
1724	спаржа молодая	г
1725	спек	г
1726	спельта	стакан
1727	спельтовая (полбяная) мука	г
1728	специи	г
1729	спирт	г
1730	спирулина порошок	г
1731	спред	г
1732	ставрида	г
1733	стейк семги	шт.
1734	стейк семги	г
1735	стеклянная лапша	г
1736	страчателла	г
1737	судак	г
1738	судак филе	г
1739	судак филе на коже	г
1740	сулугуни	г
1741	сулугуни копченый	г
1742	сумах	г
1743	суповой набор	г
1744	сухари	по вкусу
1745	сухари белые	г
1746	сухари молотые	г
1747	сухари панировочные	г
1748	сухари ржаные	г
1749	сухарная крошка	г
1750	сухофрукты	г
1751	сухофрукты тропические	по вкусу
1752	сушки	г
1753	сыворотка	г
1754	сыр	г
1755	сыр tete de moine	г
1756	сыр Австрия блю	г
1757	сыр адыгейский	г
1758	сыр бри	г
1759	сыр буко	г
1760	сыр гауда	г
1761	сыр гойя	г
1762	сыр голландский	г
1763	сыр голубой	г
1764	сыр гравьера	г
1765	сыр джугас	г
1766	сыр домашний	г
1767	сыр дорблю	г
1768	сыр имеретинский	г
1769	сыр кефалотири	г
1770	сырки творожные	г
1771	сыр козий мягкий	г
1772	сыр козий твердый	г
1773	сыр колбасный	г
1774	сыр копченый	г
1775	сыр коттедж	г
1776	сыр Маскарпоне	г
1777	сыр мраморный	г
1778	сыр мягкий	по вкусу
1779	сыр овечий	г
1780	сыр панир	г
1781	сыр пеше миньон	г
1782	сыр плавленый	г
1783	сыр плавленый шоколадный	г
1784	сыр пластинками	г
1785	сыр полутвердый	г
1786	сыр провола	г
1787	сыр российский	г
1788	сыр скаморца	г
1789	сыр скаморца копченый	г
1790	сыр сливочный	г
1791	сыр с плесенью	г
1792	сыр с плесенью мягкий	г
1793	сыр твердый	г
1794	сыр филадельфия	г
1795	сыр фонтина	г
1796	сыр хаварти	г
1797	сыр швейцарский	г
1798	сычужный фермент	ч. л.
1799	таледжо	г
1800	тальолини	г
1801	тальятелле	г
1802	тальятелле-гнезда	шт.
1803	тамаринд	шт.
1804	тамариндовая паста	ч. л.
1805	тапиока	г
1806	тарталетки	по вкусу
1807	тартар	ст. л.
1808	тархун	г
1809	творог	г
1810	творог 18%	г
1811	творог 2%	г
1812	творог 5%	г
1813	творог 9%	г
1814	творог жирный	г
1815	творог зерненый	г
1816	творог обезжиренный	г
1817	творожная масса	г
1818	творожная паста	г
1819	творожный сыр	г
1820	творожный сыр соленый	г
1821	творожок клубничный	г
1822	текила	стакан
1823	телятина	по вкусу
1824	телятина вареная	г
1825	телячий фарш	г
1826	телячьи отбивные на косточке	шт.
1827	телячьи шницели	шт.
1828	телячьи эскалопы	г
1829	телячья вырезка	г
1830	телячья печень	г
1831	телячья щека	шт.
1832	тесто бездрожжевое	г
1833	тесто готовое	г
1834	тесто для вонтонов	г
1835	тесто для пиццы	шт.
1836	тесто дрожжевое	по вкусу
1837	тесто катаифи	г
1838	тесто макаронное	г
1839	тесто макаронное для лазаньи	г
1840	тесто пельменное	г
1841	тесто песочное	по вкусу
1842	тесто пресное	г
1843	тесто пряничное	г
1844	тесто слоеное	г
1845	тесто слоеное бездрожжевое	по вкусу
1846	тесто слоеное дрожжевое	кг
1847	тесто фило	г
1848	тилапия	г
1849	тилапия филе	г
1850	тильзитер	г
1851	тимьян	горсть
1852	тимьян лимонный	веточка
1853	тимьян свежий	по вкусу
1854	тимьян сушеный	г
1855	ткемали	г
1856	тмин	г
1857	тмин молотый	г
1858	томатная паста	г
1859	томатное пюре	г
1860	томатный концентрат	г
1861	томатный порошок	г
1862	томатный сок	г
1863	томатный соус	г
1864	томатный соус итальянский	г
1865	томатный соус острый	г
1866	томатный соус с базиликом	г
1867	тоник	бутылка
1868	топинамбур	г
1869	топленое масло	г
1870	тортильи	по вкусу
1871	тортильони	г
1872	тофу	г
1873	травы ароматные	г
1874	травы пряные с перцем	ч. л.
1875	травы сухие	г
1876	треска	г
1877	треска печень	г
1878	треска филе	г
1879	трюфель	г
1880	трюфельная крошка	г
1881	трюфельное масло	ст. л.
1882	трюфель черный	шт.
1883	тунец	по вкусу
1884	тунец консервированный	г
1885	тунец филе	г
1886	тушенка	г
1887	тыква	г
1888	тыквенное масло	шт.
1889	тыквенное пюре	г
1890	тыквенные семечки	г
1891	тюлька свежая	г
1892	угорь	г
1893	угорь копченый	г
1894	угурт	г
1895	укроп	г
1896	укропное семя	ч. л.
1897	укроп свежий	г
1898	укроп сушеный	г
1899	уксус	г
1900	уксус 9%	г
1901	уксус из сидра	ст. л.
1902	уксусная эссенция	г
1903	уксус столовый	г
1904	улитки	г
1905	улитки виноградные	шт.
1906	урюк	г
1907	устрицы	г
1908	утиная грудка	г
1909	утиная печень	г
1910	утиное филе	г
1911	утиные бедрышки	г
1912	утиные ножки	по вкусу
1913	утка	по вкусу
1914	утка печеная	г
1915	утка тушка	тушка
1916	уцхо-сунели	г
1917	фазан	г
1918	фарш (баранина и говядина)	г
1919	фарш (свинина и курица)	г
1920	фасоль	г
1921	фасоль белая	г
1922	фасоль белая консервированная	г
1923	фасоль белая лима	г
1924	фасоль зеленая стручковая	г
1925	фасоль кенийская	горсть
1926	фасоль кидни красная	г
1927	фасоль консервированная	г
1928	фасоль красная	г
1929	фасоль красная вареная	стакан
1930	фасоль красная консервированная	г
1931	фасоль молодая замороженная	г
1932	фасоль пинто	г
1933	фасоль спаржевая вареная	г
1934	фасоль стручковая	г
1935	фасоль стручковая замороженная	г
1936	фасоль стручковая консервированная	г
1937	фасоль черный глаз	г
1938	фейхоа	г
1939	фенхель	г
1940	фенхель семена	г
1941	фенхель семена молотые	г
1942	фестонате	г
1943	фета	г
1944	фетаки	г
1945	фетакса	г
1946	феттучине	г
1947	фиалки засахаренные	шт.
1948	фиалковый сироп	г
1949	физалис	по вкусу
1950	филе красного окуня	шт.
1951	филе лосося	г
1952	филе палтуса	шт.
1953	финики	г
1954	финики без косточек	стакан
1955	финики иранские	г
1956	финики иранские без косточек	шт.
1957	фисташки	г
1958	фисташки очищенные	г
1959	фисташки очищенные несоленые	горсть
1960	фисташки рубленые	г
1961	фисташковая мука	г
1962	фисташковая паста	г
1963	фисташковое масло	г
1964	фокачча	по вкусу
1965	форель	г
1966	форель вареная	г
1967	форель горячего копчения	г
1968	форель озерная свежая	шт.
1969	форель слабосоленая	г
1970	форель слабосоленая	г
1971	форель стейки	шт.
1972	форель филе	г
1973	форель холодного копчения	г
1974	фрикадельки	г
1975	фрукт дракона	шт.
1976	фруктовый сироп	г
1977	фруктовый сок	г
1978	фруктовый сок без сахара	стакан
1979	фруктоза	г
1980	фрукты	г
1981	фрукты консервированные	г
1982	фундук	г
1983	фундучная мука	г
1984	фунчоза	г
1985	халва	г
1986	халва ванильная	г
1987	халва подсолнечная	г
1988	халуми	г
1989	хамон	г
1990	хек	г
1991	хек филе	г
1992	херес	стакан
1993	хересный уксус	ч. л.
1994	хлеб	г
1995	хлеб 7 злаков	батон
1996	хлеб белый	г
1997	хлеб белый сухой	г
1998	хлеб бородинский	кусок
1999	хлеб датский ржаной	г
2000	хлеб для сэндвичей	г
2001	хлебная крошка	г
2002	хлеб ржаной	г
2003	хлеб серый	г
2004	хлеб с кунжутом	кусок
2005	хлеб цельнозерновой	г
2006	хлебцы пшенично-ржаные цельнозерновые	г
2007	хлопья 4 злака	г
2008	хлопья 5 злаков	г
2009	хлопья 7 злаков	ст. л.
2010	хлопья быстрого приготовления	стакан
2011	хлорид кальция	г
2012	хмели-сунели	г
2013	хмель	ст. л.
2014	хрен	г
2015	хрен протертый	г
2016	хрен со сливками	г
2017	хурма	г
2018	хурма спелая	г
2019	цесарка тушка	г
2020	цикорий	ч. л.
2021	цитроновые цукаты	горсть
2022	цитрусовые цукаты	шт.
2023	цитрусовый свежевыжатый сок	мл
2024	цукаты	г
2025	цукини	г
2026	цукини цветы	шт.
2027	цыплята	г
2028	цыплята-корнишоны	шт.
2029	чабер	г
2030	чабрец	г
2031	чабрец сушеный	г
2032	чай дарджилинг	пакетик
2033	чай жасминовый	ст. л.
2034	чай зеленый	пакетик
2035	чай копченый лапсанг сушонг	г
2036	чай красный	г
2037	чай ройбуш	ст. л.
2038	чай черный	г
2039	чай черный крупнолистовой	ч. л.
2040	чай черный со специями	пакет
2041	чай эрл грей	стакан
2042	чатни манго	г
2043	чеддер	г
2044	черемуха	г
2045	черемуховая мука	г
2046	черемша	г
2047	черешневый джем	г
2048	черешня	г
2049	черешня консервированная без косточек	ст. л.
2050	черная смородина	г
2051	черника	г
2052	черника замороженная	г
2053	чернила каракатицы	г
2054	черничный джем	стакан
2055	чернослив	г
2056	чернослив без косточек	г
2057	чернослив вяленый	г
2058	чернослив копченый без косточек	г
2059	черносмородиновое варенье	г
2060	черносмородиновый джем	г
2061	чеснок	г
2062	чеснок молодой	г
2063	чеснок сушеный	г
2064	чесночная соль	щепотка
2065	чесночное масло	по вкусу
2066	чесночный порошок	г
2067	чечевица	г
2068	чечевица вареная	ст. л.
2069	чечевица зеленая	г
2070	чечевица красная	г
2071	чечил спагетти	г
2072	чиабатта	кусок
2073	чиа семена	г
2074	чипотле молотый	щепотка
2075	чипсы	г
2076	чоризо	г
2077	шалфей	г
2078	шалфей свежий	пучок
2079	шалфей сушеный	лист
2080	шампанское	г
2081	шампанское советское	стакан
2082	шампанское сухое	ст. л.
2083	шампиньоны	по вкусу
2084	шампиньоны замороженные	г
2085	шампиньоны консервированные	г
2086	шампиньоны маринованные	г
2087	шампиньоны свежие	г
2088	шафран	г
2089	шафран имеретинский	г
2090	шафран молотый	ч. л.
2091	шафран нити	шт.
2092	шелковица	г
2093	шелковица сушеная	г
2094	шиповник	г
2095	шиповниковый сироп	г
2096	шнапс	г
2097	шнитт-лук	стебель
2098	шоколад	г
2099	шоколад белый	г
2100	шоколад горький с апельсиновой цедрой	г
2101	шоколад молочный	г
2102	шоколад мятный	г
2103	шоколадная паста	г
2104	шоколадная стружка	г
2105	шоколадное масло	г
2106	шоколадно-ореховая паста	г
2107	шоколадные горошины	г
2108	шоколадные капли	г
2109	шоколадные капли белые	г
2110	шоколадные конфеты	г
2111	шоколадные хлопья	г
2112	шоколадные шарики из готовых завтраков	горсть
2113	шоколадный ликер	г
2114	шоколадный сироп	г
2115	шоколадный соус	г
2116	шоколад полусладкий	г
2117	шоколад с орехами	г
2118	шоколад черный горький	г
2119	шоколад черный горький 70%	г
2120	шоколад черный горький 75%	ч. л.
2121	шоколад черный горький 85%	г
2122	шортенинг	стакан
2123	шпик	шт.
2124	шпик копченый	г
2125	шпинат	г
2126	шпинат замороженный	г
2127	шпинат молодой	г
2128	шпинат свежий	г
2129	шпроты	г
2130	шпроты в масле	г
2131	шрот	г
2132	щавель замороженный	г
2133	щавель свежий	веточка
2134	щука	г
2135	щука филе	г
2136	эгг-ног	стакан
2137	эдам	г
2138	эль	мл
2139	эмменталь	г
2140	эскалоп	г
2141	эстрагон	г
2142	эстрагон сушеный	веточка
2143	яблоки	г
2144	яблоки антоновка	кг
2145	яблоки гала	г
2146	яблоки голден	г
2147	яблоки гренни смит	кг
2148	яблоки зеленые	г
2149	яблоки красные	шт.
2150	яблоки моченые	шт.
2151	яблоки нетвердых сортов	г
2152	яблоки сладкие	г
2153	яблоки сушеные	г
2154	яблочная эссенция	ч. л.
2155	яблочное варенье	г
2156	яблочное повидло	г
2157	яблочное пюре	г
2158	яблочные чипсы	стакан
2159	яблочный джем	г
2160	яблочный сироп	ст. л.
2161	яблочный сок	г
2162	яблочный соус	ст. л.
2163	яблочный уксус	г
2164	ягнятина	г
2165	ягнятина кострец	г
2166	ягнятина фарш	г
2167	ягнячьи отбивные на косточке	шт.
2168	ягнячья голень нарубленная	г
2169	ягнячья корейка	г
2170	ягодное варенье	ст. л.
2171	ягодное желе	г
2172	ягодный сироп	г
2173	ягодный сок	г
2174	ягодный соус кислый	г
2175	ягоды	г
2176	ягоды вяленые	по вкусу
2177	ягоды замороженные	г
2178	ягоды лесные	г
2179	ягоды лесные замороженные	г
2180	яичные белки	г
2181	яичные желтки	г
2182	яичные желтки вареные	шт.
2183	яичные желтки крупные	г
2184	яичный меланж	г
2185	яичный порошок	ст. л.
2186	яйца куриные	г
2187	яйца куриные крупные	г
2188	яйца перепелиные	г
2189	японская крошка панко	г
2190	ячменные хлопья	г
2191	ячмень	г
2192	ячневая крупа	г
2193	сок томатный	мл
2194	масло оливковое	ст. ложка
2195	масло растительное	мл
2196	бекон	г
2197	джем лимонный	г
2198	крупа манная	г
\.


--
-- Data for Name: recipes_purchase; Type: TABLE DATA; Schema: public; Owner: postgres
--

COPY public.recipes_purchase (id, created_at, recipe_id, user_id) FROM stdin;
\.


--
-- Data for Name: recipes_recipe; Type: TABLE DATA; Schema: public; Owner: postgres
--

COPY public.recipes_recipe (id, name, image, description, cooking_time, slug, author_id, pub_date) FROM stdin;
2	Гаспачо с томатным соком	media/recipes/Gaspacho.jpg	Это вариация испанского блюда гаспачо из свежих овощей. Измельчённые помидоры и сладкий перец, нарезанные кубиками свежие огурцы, чеснок и много зелени, – всё это заливается холодным томатным соком. Аппетитный холодный суп порадует и чудесным вкусом, и процессом приготовления – стоять у плиты не придётся.	89	gaspacho-s-tomatnym-sokom-by-admin	1	2024-07-27 08:08:39.719+03
9	Мясо по-французски	media/recipes/Frenchmeat.jpg	Если у вас намечается праздник, то приготовьте мясо по-французски по моему рецепту. Оно обязательно понравится всем вашим гостям. Например, как горячее блюдо на Новый год. Запланируйте в новогодние рецепты.	63	miaso-po-frantsuzski-by-admin	1	2024-08-02 08:11:58.714+03
10	Нежный летний омлет на сметане	media/recipes/Oml.jpg	Отличный вариант для завтрака - поджаренные овощи, залитые взбитым со сметаной яйцом.	25	nezhnyi-letnii-omlet-na-smetane-by-root	2	2024-08-02 08:11:55.818+03
12	Рыбный суп по-итальянски	media/recipes/Fishsoup.jpg	Густой и ароматный рыбный суп понравится всем любителям средиземноморской кухни, которая отличается простотой приготовления и насыщенностью вкуса.	36	rybnyi-sup-po-italianski-by-admin	1	2024-08-05 08:24:51.177+03
13	Сливочный суп с креветками	recipes/Soupkrev_1mnGZTh.jpg	Суп без варки бульона и без добавления картофеля готовится быстрее обычного. Сливки дарят супу нежный вкус, креветки придают тонкий аромат морепродуктов. Сладковатая кукуруза и кислинка помидоров делают вкус супа идеально сбалансированным.	25	slivochnyi-sup-s-krevetkami-by-admin	1	2024-10-27 18:54:49.699473+03
11	Пирог из манной крупы с лимонным джемом	recipes/Cake.jpg	Пирог из манной крупы с джемом и орехами - простой и вкусный. Пирог-манник отлично подходит к чаю в качестве повседневной домашней выпечки.	50	pirog-iz-mannoi-krupy-s-limonnym-dzhemom-by-root	2	2024-08-02 08:23:47.569+03
\.


--
-- Data for Name: recipes_recipe_tags; Type: TABLE DATA; Schema: public; Owner: postgres
--

COPY public.recipes_recipe_tags (id, recipe_id, tag_id) FROM stdin;
1	2	2
2	9	3
3	10	1
6	12	1
7	12	3
8	13	2
9	13	3
20	11	1
21	11	3
\.


--
-- Data for Name: recipes_recipeingredient; Type: TABLE DATA; Schema: public; Owner: postgres
--

COPY public.recipes_recipeingredient (id, amount, ingredient_id, recipe_id) FROM stdin;
4	500	2193	2
5	150	1345	2
6	150	1244	2
7	100	1144	2
8	10	2061	2
9	1	2194	2
10	15	881	2
11	30	1895	2
12	30	1309	2
13	5	1688	2
14	2	1288	2
15	1000	1589	9
16	1000	2087	9
17	200	888	9
18	100	1793	9
19	100	1757	9
20	300	1345	9
21	20	315	9
22	20	1688	9
23	20	1288	9
24	50	2195	9
25	150	2186	10
26	100	1665	10
27	50	1754	10
28	5	1688	10
29	5	1288	10
30	150	1345	10
31	300	492	10
32	50	2196	10
33	30	2195	10
42	300	1878	12
43	2	2194	12
44	1	886	12
45	400	1345	12
46	30	2061	12
47	5	1294	12
48	2	1852	12
49	10	1550	12
50	20	1688	12
51	100	73	12
52	500	1494	12
53	5	817	12
54	2000	252	12
55	400	729	13
63	300	2197	11
64	100	2198	11
65	150	2186	11
66	30	1550	11
67	30	1173	11
68	20	1490	11
69	50	2195	11
70	5	1688	11
\.


--
-- Data for Name: recipes_tag; Type: TABLE DATA; Schema: public; Owner: postgres
--

COPY public.recipes_tag (id, name) FROM stdin;
1	breakfast
2	lunch
3	dinner
\.


--
-- Data for Name: users_message; Type: TABLE DATA; Schema: public; Owner: postgres
--

COPY public.users_message (id, subject, message_body, created_at, recipient_id, sender_id) FROM stdin;
\.


--
-- Data for Name: users_subscription; Type: TABLE DATA; Schema: public; Owner: postgres
--

COPY public.users_subscription (id, subscribed_to_id, subscriber_id, created_at) FROM stdin;
48	1	2	2024-11-17 21:37:27.954319+03
\.


--
-- Name: auth_group_id_seq; Type: SEQUENCE SET; Schema: public; Owner: postgres
--

SELECT pg_catalog.setval('public.auth_group_id_seq', 1, false);


--
-- Name: auth_group_permissions_id_seq; Type: SEQUENCE SET; Schema: public; Owner: postgres
--

SELECT pg_catalog.setval('public.auth_group_permissions_id_seq', 1, false);


--
-- Name: auth_permission_id_seq; Type: SEQUENCE SET; Schema: public; Owner: postgres
--

SELECT pg_catalog.setval('public.auth_permission_id_seq', 68, true);


--
-- Name: auth_user_groups_id_seq; Type: SEQUENCE SET; Schema: public; Owner: postgres
--

SELECT pg_catalog.setval('public.auth_user_groups_id_seq', 1, false);


--
-- Name: auth_user_id_seq; Type: SEQUENCE SET; Schema: public; Owner: postgres
--

SELECT pg_catalog.setval('public.auth_user_id_seq', 3, true);


--
-- Name: auth_user_user_permissions_id_seq; Type: SEQUENCE SET; Schema: public; Owner: postgres
--

SELECT pg_catalog.setval('public.auth_user_user_permissions_id_seq', 1, false);


--
-- Name: django_admin_log_id_seq; Type: SEQUENCE SET; Schema: public; Owner: postgres
--

SELECT pg_catalog.setval('public.django_admin_log_id_seq', 97, true);


--
-- Name: django_content_type_id_seq; Type: SEQUENCE SET; Schema: public; Owner: postgres
--

SELECT pg_catalog.setval('public.django_content_type_id_seq', 17, true);


--
-- Name: django_flatpage_id_seq; Type: SEQUENCE SET; Schema: public; Owner: postgres
--

SELECT pg_catalog.setval('public.django_flatpage_id_seq', 3, true);


--
-- Name: django_flatpage_sites_id_seq; Type: SEQUENCE SET; Schema: public; Owner: postgres
--

SELECT pg_catalog.setval('public.django_flatpage_sites_id_seq', 3, true);


--
-- Name: django_migrations_id_seq; Type: SEQUENCE SET; Schema: public; Owner: postgres
--

SELECT pg_catalog.setval('public.django_migrations_id_seq', 34, true);


--
-- Name: django_site_id_seq; Type: SEQUENCE SET; Schema: public; Owner: postgres
--

SELECT pg_catalog.setval('public.django_site_id_seq', 1, true);


--
-- Name: recipes_favorite_id_seq; Type: SEQUENCE SET; Schema: public; Owner: postgres
--

SELECT pg_catalog.setval('public.recipes_favorite_id_seq', 56, true);


--
-- Name: recipes_ingredient_id_seq; Type: SEQUENCE SET; Schema: public; Owner: postgres
--

SELECT pg_catalog.setval('public.recipes_ingredient_id_seq', 2198, true);


--
-- Name: recipes_purchase_id_seq; Type: SEQUENCE SET; Schema: public; Owner: postgres
--

SELECT pg_catalog.setval('public.recipes_purchase_id_seq', 52, true);


--
-- Name: recipes_recipe_id_seq; Type: SEQUENCE SET; Schema: public; Owner: postgres
--

SELECT pg_catalog.setval('public.recipes_recipe_id_seq', 20, true);


--
-- Name: recipes_recipe_tags_id_seq; Type: SEQUENCE SET; Schema: public; Owner: postgres
--

SELECT pg_catalog.setval('public.recipes_recipe_tags_id_seq', 23, true);


--
-- Name: recipes_recipeingredient_id_seq; Type: SEQUENCE SET; Schema: public; Owner: postgres
--

SELECT pg_catalog.setval('public.recipes_recipeingredient_id_seq', 74, true);


--
-- Name: recipes_tag_id_seq; Type: SEQUENCE SET; Schema: public; Owner: postgres
--

SELECT pg_catalog.setval('public.recipes_tag_id_seq', 3, true);


--
-- Name: users_message_id_seq; Type: SEQUENCE SET; Schema: public; Owner: postgres
--

SELECT pg_catalog.setval('public.users_message_id_seq', 2, true);


--
-- Name: users_subscription_id_seq; Type: SEQUENCE SET; Schema: public; Owner: postgres
--

SELECT pg_catalog.setval('public.users_subscription_id_seq', 48, true);


--
-- Name: auth_group auth_group_name_key; Type: CONSTRAINT; Schema: public; Owner: postgres
--

ALTER TABLE ONLY public.auth_group
    ADD CONSTRAINT auth_group_name_key UNIQUE (name);


--
-- Name: auth_group_permissions auth_group_permissions_group_id_permission_id_0cd325b0_uniq; Type: CONSTRAINT; Schema: public; Owner: postgres
--

ALTER TABLE ONLY public.auth_group_permissions
    ADD CONSTRAINT auth_group_permissions_group_id_permission_id_0cd325b0_uniq UNIQUE (group_id, permission_id);


--
-- Name: auth_group_permissions auth_group_permissions_pkey; Type: CONSTRAINT; Schema: public; Owner: postgres
--

ALTER TABLE ONLY public.auth_group_permissions
    ADD CONSTRAINT auth_group_permissions_pkey PRIMARY KEY (id);


--
-- Name: auth_group auth_group_pkey; Type: CONSTRAINT; Schema: public; Owner: postgres
--

ALTER TABLE ONLY public.auth_group
    ADD CONSTRAINT auth_group_pkey PRIMARY KEY (id);


--
-- Name: auth_permission auth_permission_content_type_id_codename_01ab375a_uniq; Type: CONSTRAINT; Schema: public; Owner: postgres
--

ALTER TABLE ONLY public.auth_permission
    ADD CONSTRAINT auth_permission_content_type_id_codename_01ab375a_uniq UNIQUE (content_type_id, codename);


--
-- Name: auth_permission auth_permission_pkey; Type: CONSTRAINT; Schema: public; Owner: postgres
--

ALTER TABLE ONLY public.auth_permission
    ADD CONSTRAINT auth_permission_pkey PRIMARY KEY (id);


--
-- Name: auth_user_groups auth_user_groups_pkey; Type: CONSTRAINT; Schema: public; Owner: postgres
--

ALTER TABLE ONLY public.auth_user_groups
    ADD CONSTRAINT auth_user_groups_pkey PRIMARY KEY (id);


--
-- Name: auth_user_groups auth_user_groups_user_id_group_id_94350c0c_uniq; Type: CONSTRAINT; Schema: public; Owner: postgres
--

ALTER TABLE ONLY public.auth_user_groups
    ADD CONSTRAINT auth_user_groups_user_id_group_id_94350c0c_uniq UNIQUE (user_id, group_id);


--
-- Name: auth_user auth_user_pkey; Type: CONSTRAINT; Schema: public; Owner: postgres
--

ALTER TABLE ONLY public.auth_user
    ADD CONSTRAINT auth_user_pkey PRIMARY KEY (id);


--
-- Name: auth_user_user_permissions auth_user_user_permissions_pkey; Type: CONSTRAINT; Schema: public; Owner: postgres
--

ALTER TABLE ONLY public.auth_user_user_permissions
    ADD CONSTRAINT auth_user_user_permissions_pkey PRIMARY KEY (id);


--
-- Name: auth_user_user_permissions auth_user_user_permissions_user_id_permission_id_14a6b632_uniq; Type: CONSTRAINT; Schema: public; Owner: postgres
--

ALTER TABLE ONLY public.auth_user_user_permissions
    ADD CONSTRAINT auth_user_user_permissions_user_id_permission_id_14a6b632_uniq UNIQUE (user_id, permission_id);


--
-- Name: auth_user auth_user_username_key; Type: CONSTRAINT; Schema: public; Owner: postgres
--

ALTER TABLE ONLY public.auth_user
    ADD CONSTRAINT auth_user_username_key UNIQUE (username);


--
-- Name: django_admin_log django_admin_log_pkey; Type: CONSTRAINT; Schema: public; Owner: postgres
--

ALTER TABLE ONLY public.django_admin_log
    ADD CONSTRAINT django_admin_log_pkey PRIMARY KEY (id);


--
-- Name: django_content_type django_content_type_app_label_model_76bd3d3b_uniq; Type: CONSTRAINT; Schema: public; Owner: postgres
--

ALTER TABLE ONLY public.django_content_type
    ADD CONSTRAINT django_content_type_app_label_model_76bd3d3b_uniq UNIQUE (app_label, model);


--
-- Name: django_content_type django_content_type_pkey; Type: CONSTRAINT; Schema: public; Owner: postgres
--

ALTER TABLE ONLY public.django_content_type
    ADD CONSTRAINT django_content_type_pkey PRIMARY KEY (id);


--
-- Name: django_flatpage django_flatpage_pkey; Type: CONSTRAINT; Schema: public; Owner: postgres
--

ALTER TABLE ONLY public.django_flatpage
    ADD CONSTRAINT django_flatpage_pkey PRIMARY KEY (id);


--
-- Name: django_flatpage_sites django_flatpage_sites_flatpage_id_site_id_0d29d9d1_uniq; Type: CONSTRAINT; Schema: public; Owner: postgres
--

ALTER TABLE ONLY public.django_flatpage_sites
    ADD CONSTRAINT django_flatpage_sites_flatpage_id_site_id_0d29d9d1_uniq UNIQUE (flatpage_id, site_id);


--
-- Name: django_flatpage_sites django_flatpage_sites_pkey; Type: CONSTRAINT; Schema: public; Owner: postgres
--

ALTER TABLE ONLY public.django_flatpage_sites
    ADD CONSTRAINT django_flatpage_sites_pkey PRIMARY KEY (id);


--
-- Name: django_migrations django_migrations_pkey; Type: CONSTRAINT; Schema: public; Owner: postgres
--

ALTER TABLE ONLY public.django_migrations
    ADD CONSTRAINT django_migrations_pkey PRIMARY KEY (id);


--
-- Name: django_session django_session_pkey; Type: CONSTRAINT; Schema: public; Owner: postgres
--

ALTER TABLE ONLY public.django_session
    ADD CONSTRAINT django_session_pkey PRIMARY KEY (session_key);


--
-- Name: django_site django_site_domain_a2e37b91_uniq; Type: CONSTRAINT; Schema: public; Owner: postgres
--

ALTER TABLE ONLY public.django_site
    ADD CONSTRAINT django_site_domain_a2e37b91_uniq UNIQUE (domain);


--
-- Name: django_site django_site_pkey; Type: CONSTRAINT; Schema: public; Owner: postgres
--

ALTER TABLE ONLY public.django_site
    ADD CONSTRAINT django_site_pkey PRIMARY KEY (id);


--
-- Name: recipes_favorite recipes_favorite_pkey; Type: CONSTRAINT; Schema: public; Owner: postgres
--

ALTER TABLE ONLY public.recipes_favorite
    ADD CONSTRAINT recipes_favorite_pkey PRIMARY KEY (id);


--
-- Name: recipes_favorite recipes_favorite_user_id_recipe_id_8c3afc83_uniq; Type: CONSTRAINT; Schema: public; Owner: postgres
--

ALTER TABLE ONLY public.recipes_favorite
    ADD CONSTRAINT recipes_favorite_user_id_recipe_id_8c3afc83_uniq UNIQUE (user_id, recipe_id);


--
-- Name: recipes_ingredient recipes_ingredient_pkey; Type: CONSTRAINT; Schema: public; Owner: postgres
--

ALTER TABLE ONLY public.recipes_ingredient
    ADD CONSTRAINT recipes_ingredient_pkey PRIMARY KEY (id);


--
-- Name: recipes_purchase recipes_purchase_pkey; Type: CONSTRAINT; Schema: public; Owner: postgres
--

ALTER TABLE ONLY public.recipes_purchase
    ADD CONSTRAINT recipes_purchase_pkey PRIMARY KEY (id);


--
-- Name: recipes_purchase recipes_purchase_user_id_recipe_id_ac0e0380_uniq; Type: CONSTRAINT; Schema: public; Owner: postgres
--

ALTER TABLE ONLY public.recipes_purchase
    ADD CONSTRAINT recipes_purchase_user_id_recipe_id_ac0e0380_uniq UNIQUE (user_id, recipe_id);


--
-- Name: recipes_recipe recipes_recipe_pkey; Type: CONSTRAINT; Schema: public; Owner: postgres
--

ALTER TABLE ONLY public.recipes_recipe
    ADD CONSTRAINT recipes_recipe_pkey PRIMARY KEY (id);


--
-- Name: recipes_recipe recipes_recipe_slug_key; Type: CONSTRAINT; Schema: public; Owner: postgres
--

ALTER TABLE ONLY public.recipes_recipe
    ADD CONSTRAINT recipes_recipe_slug_key UNIQUE (slug);


--
-- Name: recipes_recipe_tags recipes_recipe_tags_pkey; Type: CONSTRAINT; Schema: public; Owner: postgres
--

ALTER TABLE ONLY public.recipes_recipe_tags
    ADD CONSTRAINT recipes_recipe_tags_pkey PRIMARY KEY (id);


--
-- Name: recipes_recipe_tags recipes_recipe_tags_recipe_id_tag_id_233281ac_uniq; Type: CONSTRAINT; Schema: public; Owner: postgres
--

ALTER TABLE ONLY public.recipes_recipe_tags
    ADD CONSTRAINT recipes_recipe_tags_recipe_id_tag_id_233281ac_uniq UNIQUE (recipe_id, tag_id);


--
-- Name: recipes_recipeingredient recipes_recipeingredient_pkey; Type: CONSTRAINT; Schema: public; Owner: postgres
--

ALTER TABLE ONLY public.recipes_recipeingredient
    ADD CONSTRAINT recipes_recipeingredient_pkey PRIMARY KEY (id);


--
-- Name: recipes_tag recipes_tag_pkey; Type: CONSTRAINT; Schema: public; Owner: postgres
--

ALTER TABLE ONLY public.recipes_tag
    ADD CONSTRAINT recipes_tag_pkey PRIMARY KEY (id);


--
-- Name: users_message users_message_pkey; Type: CONSTRAINT; Schema: public; Owner: postgres
--

ALTER TABLE ONLY public.users_message
    ADD CONSTRAINT users_message_pkey PRIMARY KEY (id);


--
-- Name: users_subscription users_subscription_pkey; Type: CONSTRAINT; Schema: public; Owner: postgres
--

ALTER TABLE ONLY public.users_subscription
    ADD CONSTRAINT users_subscription_pkey PRIMARY KEY (id);


--
-- Name: auth_group_name_a6ea08ec_like; Type: INDEX; Schema: public; Owner: postgres
--

CREATE INDEX auth_group_name_a6ea08ec_like ON public.auth_group USING btree (name varchar_pattern_ops);


--
-- Name: auth_group_permissions_group_id_b120cbf9; Type: INDEX; Schema: public; Owner: postgres
--

CREATE INDEX auth_group_permissions_group_id_b120cbf9 ON public.auth_group_permissions USING btree (group_id);


--
-- Name: auth_group_permissions_permission_id_84c5c92e; Type: INDEX; Schema: public; Owner: postgres
--

CREATE INDEX auth_group_permissions_permission_id_84c5c92e ON public.auth_group_permissions USING btree (permission_id);


--
-- Name: auth_permission_content_type_id_2f476e4b; Type: INDEX; Schema: public; Owner: postgres
--

CREATE INDEX auth_permission_content_type_id_2f476e4b ON public.auth_permission USING btree (content_type_id);


--
-- Name: auth_user_groups_group_id_97559544; Type: INDEX; Schema: public; Owner: postgres
--

CREATE INDEX auth_user_groups_group_id_97559544 ON public.auth_user_groups USING btree (group_id);


--
-- Name: auth_user_groups_user_id_6a12ed8b; Type: INDEX; Schema: public; Owner: postgres
--

CREATE INDEX auth_user_groups_user_id_6a12ed8b ON public.auth_user_groups USING btree (user_id);


--
-- Name: auth_user_user_permissions_permission_id_1fbb5f2c; Type: INDEX; Schema: public; Owner: postgres
--

CREATE INDEX auth_user_user_permissions_permission_id_1fbb5f2c ON public.auth_user_user_permissions USING btree (permission_id);


--
-- Name: auth_user_user_permissions_user_id_a95ead1b; Type: INDEX; Schema: public; Owner: postgres
--

CREATE INDEX auth_user_user_permissions_user_id_a95ead1b ON public.auth_user_user_permissions USING btree (user_id);


--
-- Name: auth_user_username_6821ab7c_like; Type: INDEX; Schema: public; Owner: postgres
--

CREATE INDEX auth_user_username_6821ab7c_like ON public.auth_user USING btree (username varchar_pattern_ops);


--
-- Name: django_admin_log_content_type_id_c4bce8eb; Type: INDEX; Schema: public; Owner: postgres
--

CREATE INDEX django_admin_log_content_type_id_c4bce8eb ON public.django_admin_log USING btree (content_type_id);


--
-- Name: django_admin_log_user_id_c564eba6; Type: INDEX; Schema: public; Owner: postgres
--

CREATE INDEX django_admin_log_user_id_c564eba6 ON public.django_admin_log USING btree (user_id);


--
-- Name: django_flatpage_sites_flatpage_id_078bbc8b; Type: INDEX; Schema: public; Owner: postgres
--

CREATE INDEX django_flatpage_sites_flatpage_id_078bbc8b ON public.django_flatpage_sites USING btree (flatpage_id);


--
-- Name: django_flatpage_sites_site_id_bfd8ea84; Type: INDEX; Schema: public; Owner: postgres
--

CREATE INDEX django_flatpage_sites_site_id_bfd8ea84 ON public.django_flatpage_sites USING btree (site_id);


--
-- Name: django_flatpage_url_41612362; Type: INDEX; Schema: public; Owner: postgres
--

CREATE INDEX django_flatpage_url_41612362 ON public.django_flatpage USING btree (url);


--
-- Name: django_flatpage_url_41612362_like; Type: INDEX; Schema: public; Owner: postgres
--

CREATE INDEX django_flatpage_url_41612362_like ON public.django_flatpage USING btree (url varchar_pattern_ops);


--
-- Name: django_session_expire_date_a5c62663; Type: INDEX; Schema: public; Owner: postgres
--

CREATE INDEX django_session_expire_date_a5c62663 ON public.django_session USING btree (expire_date);


--
-- Name: django_session_session_key_c0390e0f_like; Type: INDEX; Schema: public; Owner: postgres
--

CREATE INDEX django_session_session_key_c0390e0f_like ON public.django_session USING btree (session_key varchar_pattern_ops);


--
-- Name: django_site_domain_a2e37b91_like; Type: INDEX; Schema: public; Owner: postgres
--

CREATE INDEX django_site_domain_a2e37b91_like ON public.django_site USING btree (domain varchar_pattern_ops);


--
-- Name: recipes_favorite_recipe_id_288529df; Type: INDEX; Schema: public; Owner: postgres
--

CREATE INDEX recipes_favorite_recipe_id_288529df ON public.recipes_favorite USING btree (recipe_id);


--
-- Name: recipes_favorite_user_id_dd4f6854; Type: INDEX; Schema: public; Owner: postgres
--

CREATE INDEX recipes_favorite_user_id_dd4f6854 ON public.recipes_favorite USING btree (user_id);


--
-- Name: recipes_purchase_recipe_id_72e4be10; Type: INDEX; Schema: public; Owner: postgres
--

CREATE INDEX recipes_purchase_recipe_id_72e4be10 ON public.recipes_purchase USING btree (recipe_id);


--
-- Name: recipes_purchase_user_id_6edd3a11; Type: INDEX; Schema: public; Owner: postgres
--

CREATE INDEX recipes_purchase_user_id_6edd3a11 ON public.recipes_purchase USING btree (user_id);


--
-- Name: recipes_recipe_author_id_7274f74b; Type: INDEX; Schema: public; Owner: postgres
--

CREATE INDEX recipes_recipe_author_id_7274f74b ON public.recipes_recipe USING btree (author_id);


--
-- Name: recipes_recipe_slug_b40bdd3d_like; Type: INDEX; Schema: public; Owner: postgres
--

CREATE INDEX recipes_recipe_slug_b40bdd3d_like ON public.recipes_recipe USING btree (slug varchar_pattern_ops);


--
-- Name: recipes_recipe_tags_recipe_id_e15a4132; Type: INDEX; Schema: public; Owner: postgres
--

CREATE INDEX recipes_recipe_tags_recipe_id_e15a4132 ON public.recipes_recipe_tags USING btree (recipe_id);


--
-- Name: recipes_recipe_tags_tag_id_6fe328c4; Type: INDEX; Schema: public; Owner: postgres
--

CREATE INDEX recipes_recipe_tags_tag_id_6fe328c4 ON public.recipes_recipe_tags USING btree (tag_id);


--
-- Name: recipes_recipeingredient_ingredient_id_0efc0df1; Type: INDEX; Schema: public; Owner: postgres
--

CREATE INDEX recipes_recipeingredient_ingredient_id_0efc0df1 ON public.recipes_recipeingredient USING btree (ingredient_id);


--
-- Name: recipes_recipeingredient_recipe_id_76423229; Type: INDEX; Schema: public; Owner: postgres
--

CREATE INDEX recipes_recipeingredient_recipe_id_76423229 ON public.recipes_recipeingredient USING btree (recipe_id);


--
-- Name: users_message_recipient_id_0dcb937f; Type: INDEX; Schema: public; Owner: postgres
--

CREATE INDEX users_message_recipient_id_0dcb937f ON public.users_message USING btree (recipient_id);


--
-- Name: users_message_sender_id_d1e3d44e; Type: INDEX; Schema: public; Owner: postgres
--

CREATE INDEX users_message_sender_id_d1e3d44e ON public.users_message USING btree (sender_id);


--
-- Name: users_subscription_subscribed_to_id_d7a382b1; Type: INDEX; Schema: public; Owner: postgres
--

CREATE INDEX users_subscription_subscribed_to_id_d7a382b1 ON public.users_subscription USING btree (subscribed_to_id);


--
-- Name: users_subscription_subscriber_id_14b9acf6; Type: INDEX; Schema: public; Owner: postgres
--

CREATE INDEX users_subscription_subscriber_id_14b9acf6 ON public.users_subscription USING btree (subscriber_id);


--
-- Name: auth_group_permissions auth_group_permissio_permission_id_84c5c92e_fk_auth_perm; Type: FK CONSTRAINT; Schema: public; Owner: postgres
--

ALTER TABLE ONLY public.auth_group_permissions
    ADD CONSTRAINT auth_group_permissio_permission_id_84c5c92e_fk_auth_perm FOREIGN KEY (permission_id) REFERENCES public.auth_permission(id) DEFERRABLE INITIALLY DEFERRED;


--
-- Name: auth_group_permissions auth_group_permissions_group_id_b120cbf9_fk_auth_group_id; Type: FK CONSTRAINT; Schema: public; Owner: postgres
--

ALTER TABLE ONLY public.auth_group_permissions
    ADD CONSTRAINT auth_group_permissions_group_id_b120cbf9_fk_auth_group_id FOREIGN KEY (group_id) REFERENCES public.auth_group(id) DEFERRABLE INITIALLY DEFERRED;


--
-- Name: auth_permission auth_permission_content_type_id_2f476e4b_fk_django_co; Type: FK CONSTRAINT; Schema: public; Owner: postgres
--

ALTER TABLE ONLY public.auth_permission
    ADD CONSTRAINT auth_permission_content_type_id_2f476e4b_fk_django_co FOREIGN KEY (content_type_id) REFERENCES public.django_content_type(id) DEFERRABLE INITIALLY DEFERRED;


--
-- Name: auth_user_groups auth_user_groups_group_id_97559544_fk_auth_group_id; Type: FK CONSTRAINT; Schema: public; Owner: postgres
--

ALTER TABLE ONLY public.auth_user_groups
    ADD CONSTRAINT auth_user_groups_group_id_97559544_fk_auth_group_id FOREIGN KEY (group_id) REFERENCES public.auth_group(id) DEFERRABLE INITIALLY DEFERRED;


--
-- Name: auth_user_groups auth_user_groups_user_id_6a12ed8b_fk_auth_user_id; Type: FK CONSTRAINT; Schema: public; Owner: postgres
--

ALTER TABLE ONLY public.auth_user_groups
    ADD CONSTRAINT auth_user_groups_user_id_6a12ed8b_fk_auth_user_id FOREIGN KEY (user_id) REFERENCES public.auth_user(id) DEFERRABLE INITIALLY DEFERRED;


--
-- Name: auth_user_user_permissions auth_user_user_permi_permission_id_1fbb5f2c_fk_auth_perm; Type: FK CONSTRAINT; Schema: public; Owner: postgres
--

ALTER TABLE ONLY public.auth_user_user_permissions
    ADD CONSTRAINT auth_user_user_permi_permission_id_1fbb5f2c_fk_auth_perm FOREIGN KEY (permission_id) REFERENCES public.auth_permission(id) DEFERRABLE INITIALLY DEFERRED;


--
-- Name: auth_user_user_permissions auth_user_user_permissions_user_id_a95ead1b_fk_auth_user_id; Type: FK CONSTRAINT; Schema: public; Owner: postgres
--

ALTER TABLE ONLY public.auth_user_user_permissions
    ADD CONSTRAINT auth_user_user_permissions_user_id_a95ead1b_fk_auth_user_id FOREIGN KEY (user_id) REFERENCES public.auth_user(id) DEFERRABLE INITIALLY DEFERRED;


--
-- Name: django_admin_log django_admin_log_content_type_id_c4bce8eb_fk_django_co; Type: FK CONSTRAINT; Schema: public; Owner: postgres
--

ALTER TABLE ONLY public.django_admin_log
    ADD CONSTRAINT django_admin_log_content_type_id_c4bce8eb_fk_django_co FOREIGN KEY (content_type_id) REFERENCES public.django_content_type(id) DEFERRABLE INITIALLY DEFERRED;


--
-- Name: django_admin_log django_admin_log_user_id_c564eba6_fk_auth_user_id; Type: FK CONSTRAINT; Schema: public; Owner: postgres
--

ALTER TABLE ONLY public.django_admin_log
    ADD CONSTRAINT django_admin_log_user_id_c564eba6_fk_auth_user_id FOREIGN KEY (user_id) REFERENCES public.auth_user(id) DEFERRABLE INITIALLY DEFERRED;


--
-- Name: django_flatpage_sites django_flatpage_site_flatpage_id_078bbc8b_fk_django_fl; Type: FK CONSTRAINT; Schema: public; Owner: postgres
--

ALTER TABLE ONLY public.django_flatpage_sites
    ADD CONSTRAINT django_flatpage_site_flatpage_id_078bbc8b_fk_django_fl FOREIGN KEY (flatpage_id) REFERENCES public.django_flatpage(id) DEFERRABLE INITIALLY DEFERRED;


--
-- Name: django_flatpage_sites django_flatpage_sites_site_id_bfd8ea84_fk_django_site_id; Type: FK CONSTRAINT; Schema: public; Owner: postgres
--

ALTER TABLE ONLY public.django_flatpage_sites
    ADD CONSTRAINT django_flatpage_sites_site_id_bfd8ea84_fk_django_site_id FOREIGN KEY (site_id) REFERENCES public.django_site(id) DEFERRABLE INITIALLY DEFERRED;


--
-- Name: recipes_favorite recipes_favorite_recipe_id_288529df_fk_recipes_recipe_id; Type: FK CONSTRAINT; Schema: public; Owner: postgres
--

ALTER TABLE ONLY public.recipes_favorite
    ADD CONSTRAINT recipes_favorite_recipe_id_288529df_fk_recipes_recipe_id FOREIGN KEY (recipe_id) REFERENCES public.recipes_recipe(id) DEFERRABLE INITIALLY DEFERRED;


--
-- Name: recipes_favorite recipes_favorite_user_id_dd4f6854_fk_auth_user_id; Type: FK CONSTRAINT; Schema: public; Owner: postgres
--

ALTER TABLE ONLY public.recipes_favorite
    ADD CONSTRAINT recipes_favorite_user_id_dd4f6854_fk_auth_user_id FOREIGN KEY (user_id) REFERENCES public.auth_user(id) DEFERRABLE INITIALLY DEFERRED;


--
-- Name: recipes_purchase recipes_purchase_recipe_id_72e4be10_fk_recipes_recipe_id; Type: FK CONSTRAINT; Schema: public; Owner: postgres
--

ALTER TABLE ONLY public.recipes_purchase
    ADD CONSTRAINT recipes_purchase_recipe_id_72e4be10_fk_recipes_recipe_id FOREIGN KEY (recipe_id) REFERENCES public.recipes_recipe(id) DEFERRABLE INITIALLY DEFERRED;


--
-- Name: recipes_purchase recipes_purchase_user_id_6edd3a11_fk_auth_user_id; Type: FK CONSTRAINT; Schema: public; Owner: postgres
--

ALTER TABLE ONLY public.recipes_purchase
    ADD CONSTRAINT recipes_purchase_user_id_6edd3a11_fk_auth_user_id FOREIGN KEY (user_id) REFERENCES public.auth_user(id) DEFERRABLE INITIALLY DEFERRED;


--
-- Name: recipes_recipe recipes_recipe_author_id_7274f74b_fk_auth_user_id; Type: FK CONSTRAINT; Schema: public; Owner: postgres
--

ALTER TABLE ONLY public.recipes_recipe
    ADD CONSTRAINT recipes_recipe_author_id_7274f74b_fk_auth_user_id FOREIGN KEY (author_id) REFERENCES public.auth_user(id) DEFERRABLE INITIALLY DEFERRED;


--
-- Name: recipes_recipe_tags recipes_recipe_tags_recipe_id_e15a4132_fk_recipes_recipe_id; Type: FK CONSTRAINT; Schema: public; Owner: postgres
--

ALTER TABLE ONLY public.recipes_recipe_tags
    ADD CONSTRAINT recipes_recipe_tags_recipe_id_e15a4132_fk_recipes_recipe_id FOREIGN KEY (recipe_id) REFERENCES public.recipes_recipe(id) DEFERRABLE INITIALLY DEFERRED;


--
-- Name: recipes_recipe_tags recipes_recipe_tags_tag_id_6fe328c4_fk_recipes_tag_id; Type: FK CONSTRAINT; Schema: public; Owner: postgres
--

ALTER TABLE ONLY public.recipes_recipe_tags
    ADD CONSTRAINT recipes_recipe_tags_tag_id_6fe328c4_fk_recipes_tag_id FOREIGN KEY (tag_id) REFERENCES public.recipes_tag(id) DEFERRABLE INITIALLY DEFERRED;


--
-- Name: recipes_recipeingredient recipes_recipeingred_ingredient_id_0efc0df1_fk_recipes_i; Type: FK CONSTRAINT; Schema: public; Owner: postgres
--

ALTER TABLE ONLY public.recipes_recipeingredient
    ADD CONSTRAINT recipes_recipeingred_ingredient_id_0efc0df1_fk_recipes_i FOREIGN KEY (ingredient_id) REFERENCES public.recipes_ingredient(id) DEFERRABLE INITIALLY DEFERRED;


--
-- Name: recipes_recipeingredient recipes_recipeingred_recipe_id_76423229_fk_recipes_r; Type: FK CONSTRAINT; Schema: public; Owner: postgres
--

ALTER TABLE ONLY public.recipes_recipeingredient
    ADD CONSTRAINT recipes_recipeingred_recipe_id_76423229_fk_recipes_r FOREIGN KEY (recipe_id) REFERENCES public.recipes_recipe(id) DEFERRABLE INITIALLY DEFERRED;


--
-- Name: users_message users_message_recipient_id_0dcb937f_fk_auth_user_id; Type: FK CONSTRAINT; Schema: public; Owner: postgres
--

ALTER TABLE ONLY public.users_message
    ADD CONSTRAINT users_message_recipient_id_0dcb937f_fk_auth_user_id FOREIGN KEY (recipient_id) REFERENCES public.auth_user(id) DEFERRABLE INITIALLY DEFERRED;


--
-- Name: users_message users_message_sender_id_d1e3d44e_fk_auth_user_id; Type: FK CONSTRAINT; Schema: public; Owner: postgres
--

ALTER TABLE ONLY public.users_message
    ADD CONSTRAINT users_message_sender_id_d1e3d44e_fk_auth_user_id FOREIGN KEY (sender_id) REFERENCES public.auth_user(id) DEFERRABLE INITIALLY DEFERRED;


--
-- Name: users_subscription users_subscription_subscribed_to_id_d7a382b1_fk_auth_user_id; Type: FK CONSTRAINT; Schema: public; Owner: postgres
--

ALTER TABLE ONLY public.users_subscription
    ADD CONSTRAINT users_subscription_subscribed_to_id_d7a382b1_fk_auth_user_id FOREIGN KEY (subscribed_to_id) REFERENCES public.auth_user(id) DEFERRABLE INITIALLY DEFERRED;


--
-- Name: users_subscription users_subscription_subscriber_id_14b9acf6_fk_auth_user_id; Type: FK CONSTRAINT; Schema: public; Owner: postgres
--

ALTER TABLE ONLY public.users_subscription
    ADD CONSTRAINT users_subscription_subscriber_id_14b9acf6_fk_auth_user_id FOREIGN KEY (subscriber_id) REFERENCES public.auth_user(id) DEFERRABLE INITIALLY DEFERRED;


--
-- PostgreSQL database dump complete
--

